DogBreed,DogColor,DogSex,DogSize,DogAge,WeightRange,DogName,DogIsSpayedOrNuetered,City,StateAbbrev
LABRADOR,YELLOW,F,Large,12,(50 to 100 pounds),ABBY,TRUE,BURLINGTON,VT
BASSET HOUND,TRI,F,Small,11,(12 to 25 pounds),ISABELLA,TRUE,BURLINGTON,VT
COCKAPOO,CREAM,M,Small,17,(12 to 25 pounds),TEDDY,TRUE,BURLINGTON,VT
HOUND MIX,BLACK/TAN,F,Large,13,(50 to 100 pounds),JOSIE,TRUE,BURLINGTON,VT
PEKINGESE MIX,BLACK/WHITE,M,Small,4,(12 to 25 pounds),CRICKET,TRUE,BURLINGTON,VT
COCKAP0O,HONEY,M,Medium,16,(25 to 50 pounds),BENJI,TRUE,BURLINGTON,VT
"TERRIER, JACK RUSSELL MIX",BROWN,F,Small,16,(12 to 25 pounds),CINNAMON,TRUE,BURLINGTON,VT
MALTESE,WHITE,F,Small,6,(12 to 25 pounds),ERIKA,TRUE,BURLINGTON,VT
MUDI,BLACK,M,Large,17,(50 to 100 pounds),TITO,TRUE,BURLINGTON,VT
DACHSUND,TAN/RED,F,Small,14,(12 to 25 pounds),ALEXA,TRUE,BURLINGTON,VT
"POODLE, MINI/GOLDEN",GOLDEN,F,Small,9,(12 to 25 pounds),PHOEBE,TRUE,BURLINGTON,VT
LAB MIX,BLACK/WHITE,F,Large,5-Jan,(50 to 100 pounds),KIMMIE,TRUE,BURLINGTON,VT
MINI DACHAUND,RED/BLACK,M,Small,5+,(12 to 25 pounds),DERRINGER,TRUE,BURLINGTON,VT
LAB,BLACK,F,Large,15,(50 to 100 pounds),Livvy,TRUE,BURLINGTON,VT
CAIRN TERRIER,WHEATON,M,Small,17,(12 to 25 pounds),DEWEY,TRUE,BURLINGTON,VT
MIXED,BLACK/TAN,F,Large,13,(50 to 100 pounds),LULU,TRUE,BURLINGTON,VT
BEAGLE MIX,BLONDE,F,Medium,14,(25 to 50 pounds),TASSIE,TRUE,BURLINGTON,VT
LAB,TAN,M,Large,13,(50 to 100 pounds),MARLEY,TRUE,BURLINGTON,VT
LAB,YELLOW,M,Large,14,(50 to 100 pounds),DUKE,TRUE,BURLINGTON,VT
LAB/COLLIE MIX,BLACK,F,Medium,12,(25 to 50 pounds),MAGGIE,TRUE,BURLINGTON,VT
LABRADOR RETRIEVER,YELLOW,F,Medium,5+,(25 to 50 pounds),FIONA,TRUE,BURLINGTON,VT
CARIN TERRIER MIX,TAN,M,Small,13,(12 to 25 pounds),SMUDGE,TRUE,BURLINGTON,VT
JACK RUSSELL TERRIER,BLACK/WHITE,M,Small,12,(12 to 25 pounds),PICO,TRUE,BURLINGTON,VT
LAB,YELLOW,F,Large,11,(50 to 100 pounds),SADIE,TRUE,BURLINGTON,VT
BORDER COLLIE,BLACK/WHITE,F,Medium,11,(25 to 50 pounds),AUGIE,TRUE,BURLINGTON,VT
GERMAN SHEPHERD MIX,TRI,F,Large,10,(50 to 100 pounds),ZOE,TRUE,BURLINGTON,VT
PEEKAPOO,BLACK,F,Small,12,(12 to 25 pounds),ADDIE,TRUE,BURLINGTON,VT
JACK RUSSELL,WHITE W/BLACK EAR,F,Small,4,(12 to 25 pounds),JAZMINE,TRUE,BURLINGTON,VT
LAB / SHEPARD MIX,BLACK/WHITE,F,Medium,11,(25 to 50 pounds),LUCY,TRUE,BURLINGTON,VT
COTON DE TULEAR,WHITE,M,Small,11,(12 to 25 pounds),JACK,TRUE,BURLINGTON,VT
SHEP/COLLIE MIX,BLACK/TAN,F,Medium,11,(25 to 50 pounds),JUNE CARTER CASH,TRUE,BURLINGTON,VT
HUSKY MIX,TAN,F,Large,11,(50 to 100 pounds),OAKLEY,TRUE,BURLINGTON,VT
CHIHUAHUA,SABLE,F,Small,5-Jan,(12 to 25 pounds),MIA,TRUE,BURLINGTON,VT
COLLIE/LAB MIX,TRI COLOR,M,Large,5+,(50 to 100 pounds),MAX,TRUE,BURLINGTON,VT
CHIHUAHUA,TAN/BLACK/WHITE,F,Small,5-Jan,(12 to 25 pounds),SOPHIA,TRUE,BURLINGTON,VT
MIXED,BROWN,M,Small,11,(12 to 25 pounds),OZZIE,TRUE,BURLINGTON,VT
MALTESE MIX,WHITE,F,Small,10,(12 to 25 pounds),KAMI,TRUE,BURLINGTON,VT
BOXER,TAN,M,Large,8,(50 to 100 pounds),JACOB,TRUE,BURLINGTON,VT
GOLDEN RETRIEVER MIX,GOLDEN,M,Medium,11,(25 to 50 pounds),MILO,TRUE,BURLINGTON,VT
AUSTRAILIAN SHEPARD MIX,BLACK/BROWN,M,Large,10,(50 to 100 pounds),YUPP,TRUE,BURLINGTON,VT
ROTTWEILER MIX,BROWN,F,Large,9,(50 to 100 pounds),ZINNIE,TRUE,BURLINGTON,VT
PORTUGUESE WATER DOG,BLACK,F,Medium,5+,(25 to 50 pounds),BELLA,TRUE,BURLINGTON,VT
BEAGLE MIX,BROWN,F,Medium,15,(25 to 50 pounds),ABBY,TRUE,BURLINGTON,VT
POMERANIAN MIX,CHESTNUT,F,Small,11,(12 to 25 pounds),APPLE ROSE,TRUE,BURLINGTON,VT
AUSTRAILIAN SHEPHERD MIX,white/black/brown,F,Small,9,(12 to 25 pounds),BELLA,TRUE,BURLINGTON,VT
STAFFORDSHIRE MIX,WHITE,M,Large,10,(50 to 100 pounds),OZZY,TRUE,BURLINGTON,VT
GREAT DANE MIX,GREY W/BLACK,F,,10,,ISABELLA,TRUE,BURLINGTON,VT
FRENCH BULLDOG,BRINDLE,F,Medium,9,(25 to 50 pounds),ROXY,TRUE,BURLINGTON,VT
RETRIEVER,GOLDEN,M,Large,8,(50 to 100 pounds),LEVI,TRUE,BURLINGTON,VT
PIT BULL MIX,WHITE,F,Medium,8,(25 to 50 pounds),LILY,TRUE,BURLINGTON,VT
AM PIT BULL TER/MIX,BROWN/TAN/WHITE,F,Medium,12,(25 to 50 pounds),ELEANOR,TRUE,BURLINGTON,VT
GOLDEN DOODLE,GOLD,F,Medium,9,(25 to 50 pounds),YOGI,TRUE,BURLINGTON,VT
WHEATEN TERRIER,BEIGE,F,Medium,8,(25 to 50 pounds),MAISIE,TRUE,BURLINGTON,VT
RETREIVER,GOLDEN,M,Large,7,(50 to 100 pounds),DUNCAN,TRUE,BURLINGTON,VT
Dalmation,BLACK/WHITE,M,Medium,8,(25 to 50 pounds),RYKER,TRUE,BURLINGTON,VT
COCKAPOO,BLACK/WHITE,F,Medium,10,(25 to 50 pounds),MARSHA MELLO,TRUE,BURLINGTON,VT
Labradoodle,Chocolate,M,Medium,6,(25 to 50 pounds),JOFFY,TRUE,BURLINGTON,VT
LABRADOODLE,WHITE,F,Medium,15,(25 to 50 pounds),RITA,TRUE,BURLINGTON,VT
LAB MIX,BLACK,F,Large,13,(50 to 100 pounds),JUMI,TRUE,BURLINGTON,VT
PIT BULL MIX,BRINDLE/WHITE,F,Medium,7,(25 to 50 pounds),JADA,TRUE,BURLINGTON,VT
MIXED BREED,BLACK/TAN,F,Medium,9,(25 to 50 pounds),ZOLA,TRUE,BURLINGTON,VT
SCOTTISH TERRIER,BRINDLE,M,Small,10,(12 to 25 pounds),RUPERT,FALSE,BURLINGTON,VT
TERRIOR,WHITE/BROWN,F,Medium,14,(25 to 50 pounds),LACEY,TRUE,BURLINGTON,VT
JACK RUSSELL TERRIER MIX,WHITE AND TAN,F,Small,8,(12 to 25 pounds),LOLA,TRUE,BURLINGTON,VT
LAB,YELLOW,F,Medium,5-Jan,(25 to 50 pounds),RIVER,TRUE,BURLINGTON,VT
JACK RUSSELL TERRIER,BLACK/WHITE,M,Medium,11,(25 to 50 pounds),FRODO,TRUE,BURLINGTON,VT
English Bulldog,Brindle,F,Small,5,(12 to 25 pounds),Fritzi,TRUE,BURLINGTON,VT
"TERRIER, Staffordshire",GRAY,M,Small,15,(12 to 25 pounds),YEEZUS,TRUE,BURLINGTON,VT
Pekingese Shih Tzu Mix,BLACK,F,Small,5-Jan,(12 to 25 pounds),AUTUMN,TRUE,BURLINGTON,VT
LAB MIX,BLACK,M,Large,8,(50 to 100 pounds),OSO,TRUE,BURLINGTON,VT
MIXED,BLONDE,M,Medium,5-Jan,(25 to 50 pounds),KODI,TRUE,BURLINGTON,VT
NORWEGIAN ELKHOUND,SILVER/BLACK,M,Large,5,(50 to 100 pounds),GIMLI,TRUE,BURLINGTON,VT
TERRIER (AIREDALE),BLACK/BROWN,F,Large,7,(50 to 100 pounds),DUDLEY,TRUE,BURLINGTON,VT
BORDER COLLIE MIX,BLACK/WHITE,F,Medium,2,(25 to 50 pounds),COLBY,TRUE,BURLINGTON,VT
MIXED,GRAY/WHITE,F,Large,11,(50 to 100 pounds),ULI,TRUE,BURLINGTON,VT
CHIHUAHUA,BLACK/WHITE,F,Small,5-Jan,(12 to 25 pounds),MOLLY,TRUE,BURLINGTON,VT
CHIHUAHUA,BROWN/WHITE,M,Small,5-Jan,(12 to 25 pounds),BROWNIE,TRUE,BURLINGTON,VT
RETRIEVER MIX,BLACK&WHITE,F,Medium,6,(25 to 50 pounds),LIZA,TRUE,BURLINGTON,VT
"SHEPHERD, AUSTRAILAN MIX",BLUE MERLE,M,Large,11,(50 to 100 pounds),BOWSER,TRUE,BURLINGTON,VT
CHIHUAHUA MIX,TAN W/WHITE,F,Small,6,(12 to 25 pounds),ELLA,TRUE,BURLINGTON,VT
MIXED,BLACK/BROWN/WHITE,M,Medium,7,(25 to 50 pounds),DIEGO,TRUE,BURLINGTON,VT
MIXED,YELLOW,M,Large,10,(50 to 100 pounds),TEDDY,TRUE,BURLINGTON,VT
SHIH-TZU,BROWN & WHITE,F,Small,13,(12 to 25 pounds),CHIN-CHIN,TRUE,BURLINGTON,VT
COCKAPOO,BUFF,F,Small,14,(12 to 25 pounds),TEAGAN,TRUE,BURLINGTON,VT
MINI DACHSHUND,BLACK/BROWN/WHITE,F,Small,6,(12 to 25 pounds),PIPPA,TRUE,BURLINGTON,VT
LAB,BLACK,M,Large,9,(50 to 100 pounds),ASHER,TRUE,BURLINGTON,VT
RETRIEVER,GOLDEN,M,Large,7,(50 to 100 pounds),RYDER,TRUE,BURLINGTON,VT
PITBULL MIX,BROWN/WHITE,F,Medium,6,(25 to 50 pounds),SHAI,TRUE,BURLINGTON,VT
GERMAN SHEPHERD,SABLE,M,Large,5-Jan,(50 to 100 pounds),NILES,FALSE,BURLINGTON,VT
Pembroke Welsh Corgi,Tricolor,M,Medium,11,(25 to 50 pounds),OWEN,TRUE,BURLINGTON,VT
MOYEN POODLE,APRICOT/RED,F,Medium,7,(25 to 50 pounds),ZINNIA MAE BALDWIN,TRUE,BURLINGTON,VT
POODLE,CREAM,F,Large,7,(50 to 100 pounds),LILY ANNE,TRUE,BURLINGTON,VT
LABRADOR RETRIEVER,BLACK,M,Medium,5,(25 to 50 pounds),RUDY,TRUE,BURLINGTON,VT
DACHSHUND MIX,TAN/WHITE,M,Small,4,(12 to 25 pounds),PICKLES,TRUE,BURLINGTON,VT
Golden Doodle,DARK TAN,M,Large,5,(50 to 100 pounds),TUCKER,TRUE,BURLINGTON,VT
MIXED,BLONDE,F,Medium,5,(25 to 50 pounds),CALLIE,TRUE,BURLINGTON,VT
RETRIEVER MIX,BRINDLE,F,Medium,7,(25 to 50 pounds),MAISIE,TRUE,BURLINGTON,VT
TERRIER MIX,BLACK,M,Small,4,(12 to 25 pounds),LENNY,TRUE,BURLINGTON,VT
GERMAN SHEPARD,BLACK AND RED,F,Large,4,(50 to 100 pounds),LEIA,FALSE,BURLINGTON,VT
TERRIER MIX,BRINDLE/WITH WH,F,Medium,14,(25 to 50 pounds),ROSIE,TRUE,BURLINGTON,VT
LABRADOODLE,CHOCOLATE,M,Medium,4,(25 to 50 pounds),ISAAC,TRUE,BURLINGTON,VT
GERMAN SHEPHERD,BLACK & TAN,M,Large,4,(50 to 100 pounds),JABBERWOCKY,TRUE,BURLINGTON,VT
PITBULL MIX,TAN/WHITE,F,Medium,4,(25 to 50 pounds),ROSIE,TRUE,BURLINGTON,VT
BORDER COLLIE,BLACK/WHITE,F,Medium,11,(25 to 50 pounds),MAYA,TRUE,BURLINGTON,VT
WHEATEN TERRIER,WHITE,M,Medium,5+,(25 to 50 pounds),LOGAN,TRUE,BURLINGTON,VT
GOLDEN RETRIEVER MIX,TAN,M,Large,7,(50 to 100 pounds),OZZIE,TRUE,BURLINGTON,VT
GOLDEN RETRIEVER MIX,TAN,F,Large,5,(50 to 100 pounds),HARRIET,TRUE,BURLINGTON,VT
HOUND MIX,BLACK/TAN,M,Medium,4,(25 to 50 pounds),BEN,TRUE,BURLINGTON,VT
GERMAN SHEPARD,BLK/TAN,M,Medium,13,(25 to 50 pounds),MAX,TRUE,BURLINGTON,VT
MIXED BREED,BLACK/WHITE,F,Medium,8,(25 to 50 pounds),USHI,TRUE,BURLINGTON,VT
SHIH-TZU,SILVER/GREY,F,Small,14,(12 to 25 pounds),ANGEL,TRUE,BURLINGTON,VT
SHIBA INU,RED,F,Medium,5,(25 to 50 pounds),MOCHI,TRUE,BURLINGTON,VT
GOLDEN RETRIEVER,GOLDEN,F,Large,4,(50 to 100 pounds),MADISON,TRUE,BURLINGTON,VT
GOLDEN RETRIEVER,GOLDEN,M,Medium,3,(25 to 50 pounds),BJORN,TRUE,BURLINGTON,VT
LABRADOODLE MIX,BROWN,M,Large,2,(50 to 100 pounds),LONZO,TRUE,BURLINGTON,VT
VIZSLA,RED,F,Medium,13,(25 to 50 pounds),NEKHA,TRUE,BURLINGTON,VT
MIXED,BLACK/TAN,M,Large,5,(50 to 100 pounds),CHARLIE,TRUE,BURLINGTON,VT
RETREIVER MIX,GOLDEN,F,Large,12,(50 to 100 pounds),SOPHIE,TRUE,BURLINGTON,VT
CHOCOLATE LAB,CHOCOLATE,M,Medium,5-Jan,(25 to 50 pounds),RILEY,TRUE,BURLINGTON,VT
"RETRIEVER, LABRADOR",YELLOW,F,Large,12,(50 to 100 pounds),JUNO,TRUE,BURLINGTON,VT
AUSTRALIAN SHEP,BLACK/WHITE,F,Medium,3,(25 to 50 pounds),ROO,TRUE,BURLINGTON,VT
DACHSHUND MIX,TAN,M,Medium,10,(25 to 50 pounds),DEMPSEY,TRUE,BURLINGTON,VT
POODLE,BLACK/GRAY,F,Small,11,(12 to 25 pounds),MAGGIE,TRUE,BURLINGTON,VT
BOXER MIX,BROWN,F,Medium,3,(25 to 50 pounds),NOEL,TRUE,BURLINGTON,VT
"HUSKY, SIBERIAN",BLACK/WHITE,F,Large,12,(50 to 100 pounds),SASSAFRAS,TRUE,BURLINGTON,VT
MIXED BELGIUM SHEPARD,WHITE/BROWN,M,Small,7,(12 to 25 pounds),SPUNKY,TRUE,BURLINGTON,VT
PITBULL MIXED,BLACK/WHITE,M,Medium,5,(25 to 50 pounds),PARKER,TRUE,BURLINGTON,VT
Border Collie Mix,black and white,F,Large,12,(50 to 100 pounds),Sasha,TRUE,BURLINGTON,VT
BOXER/HOUND,TRI COLOR,F,Large,8,(50 to 100 pounds),LILY,TRUE,BURLINGTON,VT
"MOUNTAIN DOG, BERNESE MIX",BROWN,M,Small,2,(12 to 25 pounds),CHESTER,TRUE,BURLINGTON,VT
Mixed,White,F,Large,4,(50 to 100 pounds),Martha,TRUE,BURLINGTON,VT
MINIATURE POODLE MIX,Black,F,Medium,2,(25 to 50 pounds),Shayna,TRUE,BURLINGTON,VT
Coonhound Mix,Fawn and White,M,Medium,2,(25 to 50 pounds),Gibson,TRUE,BURLINGTON,VT
chihuahua mix,White and Tan,F,,4,,Jean,TRUE,BURLINGTON,VT
Havanese,Red,F,,2,,Carmina,TRUE,BURLINGTON,VT
"RETRIEVER, LABRADOR",YELLOW,F,Large,4,(50 to 100 pounds),WILLOW,TRUE,BURLINGTON,VT
CANINE,BLACK/WHITE,F,Small,3,(12 to 25 pounds),RUTH,TRUE,BURLINGTON,VT
border terrier,black and tan,M,Small,2,(12 to 25 pounds),Sherlock,FALSE,BURLINGTON,VT
CANE CORSO/ITALIAN MASTIFF,BRINDLE,F,,6,,MAXINE,FALSE,BURLINGTON,VT
RETRIEVER MIX,BLACK,F,Medium,3,(25 to 50 pounds),LUCY,TRUE,BURLINGTON,VT
Beagle,Tri-color,F,Medium,10,(25 to 50 pounds),Ethel,TRUE,BURLINGTON,VT
AUSTRAILIAN CATTLE DOG,RED,F,Medium,6,(25 to 50 pounds),GINGER,TRUE,BURLINGTON,VT
GERMAN SHEPARD,TAN/BLK,F,Large,7,(50 to 100 pounds),ANDY,TRUE,BURLINGTON,VT
LABRADOR RETRIEVER,RED,M,Large,6,(50 to 100 pounds),GRIFFIN,TRUE,BURLINGTON,VT
Jack Russell Terrier,,M,Small,13,(12 to 25 pounds),Jack,TRUE,BURLINGTON,VT
BORDER COLLIE MIX,BROWN/WHITE,F,Small,5-Jan,(12 to 25 pounds),LETTIE ( SERVICE DOG),TRUE,BURLINGTON,VT
BEAGLE,TRI,M,Medium,11,(25 to 50 pounds),ROCKET,TRUE,BURLINGTON,VT
RETREIVER,GOLDEN,M,Large,5-Jan,(50 to 100 pounds),BODIE,TRUE,BURLINGTON,VT
MIXED,WHITE,M,Large,11,(50 to 100 pounds),TOBY,TRUE,BURLINGTON,VT
Labrador Retriever,Chocolate,F,Large,11,(50 to 100 pounds),Zulu,TRUE,BURLINGTON,VT
ENGLISH COCKER SPANIEL,LIVER,M,Small,1,(12 to 25 pounds),PIP,TRUE,BURLINGTON,VT
LAB,CHOCOLATE,F,Large,9,(50 to 100 pounds),GRACIE,TRUE,BURLINGTON,VT
shepherd mix,Black and White,M,Large,7,(50 to 100 pounds),Oliver,TRUE,BURLINGTON,VT
PIT/LAB MIX,BROWN,M,Large,3,(50 to 100 pounds),RUSTY,TRUE,BURLINGTON,VT
Pitt Bull Mix,Black and White,F,Medium,2,(25 to 50 pounds),Cecilia,TRUE,BURLINGTON,VT
SHIH TZU/MIX,BLACK/WHITE,M,Small,8,(12 to 25 pounds),CHEWY,TRUE,BURLINGTON,VT
"SCHNAUZER, MINIATURE",,M,Small,2,(12 to 25 pounds),RUDI,TRUE,BURLINGTON,VT
LAB MIX,BROWN,F,Large,5,(50 to 100 pounds),EBBIE,TRUE,BURLINGTON,VT
Pit Bull,Gray and White,F,Large,5,(50 to 100 pounds),CJ,TRUE,BURLINGTON,VT
CANE CORSO,BLACK,M,,10,,MONKTON,TRUE,BURLINGTON,VT
GREAT PYRENEES/GOLDEN  MIX,GOLDEN,F,,8,,ELSA,TRUE,BURLINGTON,VT
Australian Shepherd Mix,WHITE,F,Medium,4,(25 to 50 pounds),AURORA,FALSE,BURLINGTON,VT
SHIH TZU/MIX,BLACK/WHITE,F,,1,,BELLA,TRUE,BURLINGTON,VT
COCKER SPANIEL,BLACK/SILVER,F,Medium,9,(25 to 50 pounds),CLOVER,TRUE,BURLINGTON,VT
Terrier Mix,Black and Tan,M,Small,10,(12 to 25 pounds),Jasper,FALSE,BURLINGTON,VT
FRENCH BULLDOG,BRINDLE,M,Medium,2,(25 to 50 pounds),WHISKEY,FALSE,BURLINGTON,VT
COCK-A-POO,CREAM,F,Small,12,(12 to 25 pounds),HAILEY,TRUE,BURLINGTON,VT
LABRADOR RETRIEVER MIX,SABLE,F,Small,0-1,(12 to 25 pounds),PIEPITAS,FALSE,BURLINGTON,VT
CHESAPEKE RETRIEVER,BROWN,F,Medium,1,(25 to 50 pounds),MARILLA,FALSE,BURLINGTON,VT
SHEPHERD MIX,BLACK,M,Large,8,(50 to 100 pounds),SKIPPY,TRUE,BURLINGTON,VT
AUSTRALIAN CATTLE DOG MIX,BLACK/WHITE/SMOKE,F,Large,9,(50 to 100 pounds),STELLA,FALSE,BURLINGTON,VT
GERMAN SHEPARD,BLACK/TAN,F,Large,3,(50 to 100 pounds),MONZI,TRUE,BURLINGTON,VT
LABRADOR RETRIEVER MIX,BLACK,F,Small,1,(12 to 25 pounds),RUTHIE,TRUE,BURLINGTON,VT
GOLDENDOODLE,BLACK/BROWN,F,Large,1,(50 to 100 pounds),ADDIE,TRUE,BURLINGTON,VT
PITBULL MIX,TAN,M,Medium,8,(25 to 50 pounds),MOOSE,FALSE,BURLINGTON,VT
TERRIER MIX,TAN AND WHITE,M,Small,2,(12 to 25 pounds),RUCKUS,TRUE,BURLINGTON,VT
Retriever/Labrador,,F,Medium,,(25 to 50 pounds),Cali,TRUE,BURLINGTON,VT
"German Pointer, shorthaired",Black and White,M,Large,1,(50 to 100 pounds),Jagger,FALSE,BURLINGTON,VT
Staffordshire Terrier,White,F,Large,4,(50 to 100 pounds),Clementine,FALSE,BURLINGTON,VT
Labrador Retriever Mix,Black and White,M,Large,6,(50 to 100 pounds),Woody,TRUE,BURLINGTON,VT
HOUND MIX,BROWN/WHITE,F,Medium,6,(25 to 50 pounds),MAY,TRUE,BURLINGTON,VT
German Shepherd Mix,Sable,F,Large,1,(50 to 100 pounds),Irene,FALSE,BURLINGTON,VT
MIX,TAN/WHITE,M,Large,12,(50 to 100 pounds),BUDDY,TRUE,BURLINGTON,VT
Beagle Mix,BLACK & BROWN,F,Medium,5-Jan,(25 to 50 pounds),HAZEL,FALSE,BURLINGTON,VT
"POODLE, TOY MIX",BLACK,F,,1,,PENNY,TRUE,BURLINGTON,VT
GOLDEN RETRIEVER,GOLD,M,Small,4,(12 to 25 pounds),THEO,TRUE,BURLINGTON,VT
Terrier mix,Black/multi,F,Small,0-1,(12 to 25 pounds),Lola,FALSE,BURLINGTON,VT
STAFFORDSHIRE TERRIER MIXED,BLACK/WHITE,F,Large,5,(50 to 100 pounds),INDIE,FALSE,BURLINGTON,VT
Daschund/Terrier Mix,TAN,M,Small,0-1,(12 to 25 pounds),LOUIE,FALSE,BURLINGTON,VT
Mastiff/Lab,Tan/yellow,F,Large,9,(50 to 100 pounds),Lilah,TRUE,BURLINGTON,VT
,Tan/White,M,Large,1,(50 to 100 pounds),Disco,TRUE,BURLINGTON,VT
Chihuahua Mix,Fawn,F,,>1,,Maple,TRUE,BURLINGTON,VT
Labrador Retriever,Chocolate,M,Large,4,(50 to 100 pounds),Finnegan,TRUE,BURLINGTON,VT
Mixed Breed,Chocolate/White,F,Large,2,(50 to 100 pounds),Rose,TRUE,BURLINGTON,VT
Shih Tzu,,F,Small,6,(12 to 25 pounds),Annie,TRUE,BURLINGTON,VT
Catahoula Leopard Dog,Gray and white,M,Large,2,(50 to 100 pounds),Benny,TRUE,BURLINGTON,VT
Australian Shepherd,Blue merle,F,Small,>1,(12 to 25 pounds),Willa,TRUE,BURLINGTON,VT
Labradoodle,Red,F,Small,>1,(12 to 25 pounds),Piper,TRUE,BURLINGTON,VT
Shepherd Mix,Black and brown,M,Small,>1,(12 to 25 pounds),Augie,TRUE,BURLINGTON,VT
Australian Shepherd,,M,Medium,8,(25 to 50 pounds),Chunky,TRUE,BURLINGTON,VT
Labrador Retriever Mix,Brown,F,Medium,1,(25 to 50 pounds),Millie,TRUE,BURLINGTON,VT
LABRADOR RETRIEVER,BLACK,F,Medium,3,(25 to 50 pounds),LIZZIE,FALSE,BURLINGTON,VT
Shih Tzu mix,,M,,1,,Bert,TRUE,BURLINGTON,VT
AM Staffordshire,Brown and white,F,,3,,Coco,TRUE,BURLINGTON,VT
Shepherd Mix,Black and tan,F,Medium,2,(25 to 50 pounds),Nelly,TRUE,BURLINGTON,VT
Rottweiler Mix,Black and rust,F,Large,11,(50 to 100 pounds),Roxy,TRUE,BURLINGTON,VT
RETREIVER MIX,BLACK,M,Medium,5-Jan,(25 to 50 pounds),KING,TRUE,BURLINGTON,VT
Terrier X,Tan,F,Small,2,(12 to 25 pounds),Whitney,TRUE,BURLINGTON,VT
Retriever Mix,White/Black,F,Medium,1,(25 to 50 pounds),Sabine,TRUE,BURLINGTON,VT
Maltese,White,F,Small,5-Jan,(12 to 25 pounds),Bella,TRUE,BURLINGTON,VT
Mixed,Brindle,F,Large,4,(50 to 100 pounds),Carson,TRUE,BURLINGTON,VT
Dachshund Mix,Black and white,M,Medium,4,(25 to 50 pounds),Winston,TRUE,BURLINGTON,VT
"SPANIEL, BRITTANY",ORANGE/WHITE,M,Medium,3,(25 to 50 pounds),MURPHY,FALSE,BURLINGTON,VT
HOUND MIXED,BROWN,F,Medium,1,(25 to 50 pounds),MARCY,FALSE,BURLINGTON,VT
MIXED,BLACK/WHITE,M,Medium,0-1,(25 to 50 pounds),BALTO,TRUE,BURLINGTON,VT
RETRIEVER/LABRADOR MIX,BLACK,F,Medium,1,(25 to 50 pounds),LOLA,TRUE,BURLINGTON,VT
MIXED,WHITE AND TAN,F,Medium,3,(25 to 50 pounds),MAPLE,FALSE,BURLINGTON,VT
GOLDEN DOODLE,RED,M,Medium,1,(25 to 50 pounds),BRADY,FALSE,BURLINGTON,VT
LAB RETRIEVER,BLACK,M,Medium,0-1,(25 to 50 pounds),INDIANA BONES,TRUE,BURLINGTON,VT
AUSTRALIAN CATTLE DOG MIX,,M,Medium,11,(25 to 50 pounds),DAKOTA,FALSE,BURLINGTON,VT
"RETRIEVER, LABRADOR MIX",BLACK,M,Small,0-1,(12 to 25 pounds),MONSTER,FALSE,BURLINGTON,VT
"RETRIEVER, LABRADOR",YELLOW,M,Large,8,(50 to 100 pounds),BRODY,FALSE,BURLINGTON,VT
GERMAN SHEPHERD MIX,TAN W/BLACK,M,Large,5-Jan,(50 to 100 pounds),CARTER,FALSE,BURLINGTON,VT
GOLDEN RETRIEVER,GOLDEN,F,Medium,0-1,(25 to 50 pounds),PENNY,TRUE,BURLINGTON,VT
TERRIER MIX,,M,Medium,8,(25 to 50 pounds),MILO,FALSE,BURLINGTON,VT
POMERANIAN MIX,,M,Medium,7,(25 to 50 pounds),PATCHES,FALSE,BURLINGTON,VT
PIT BULL,BRINDLE/WHITE,M,Large,5-Jan,(50 to 100 pounds),NATE,FALSE,BURLINGTON,VT
SHEPHERD MIX,TAN/BLACK,F,Medium,5-Jan,(25 to 50 pounds),HERA,TRUE,BURLINGTON,VT
CHIHUAHUA MIX,,M,Small,5,(12 to 25 pounds),PACO,FALSE,BURLINGTON,VT
NORFOLK TERRIER,CREAM,F,Small,0-1,(12 to 25 pounds),OBI,FALSE,BURLINGTON,VT
WELSH CORGI,TRI-COLOR,M,Medium,6,(25 to 50 pounds),HANK,FALSE,BURLINGTON,VT
HUSKEY MIX,TAN/WHITE,M,Large,1,(50 to 100 pounds),COPPER,FALSE,BURLINGTON,VT
CIHUAHUA TERRIER MIX,"BRINDLE, TRI",F,Small,4,(12 to 25 pounds),FLOWER,FALSE,BURLINGTON,VT
STANDARD POODLE,APRICOT,M,Small,14W,(12 to 25 pounds),FINNIE,TRUE,BURLINGTON,VT
LABRADOR RETRIEVER,YELLOW,M,Medium,1,(25 to 50 pounds),BO,TRUE,BURLINGTON,VT
German Short hair pointer,BROWN,F,Medium,9,(25 to 50 pounds),STEVIE,FALSE,BURLINGTON,VT
PIT BULL - AMERICAN TERRIER,TATTOO,M,Medium,3,(25 to 50 pounds),WALDO,FALSE,BURLINGTON,VT
CHIHUAHUA MIX,TAN,F,Small,9,(12 to 25 pounds),CALI,FALSE,BURLINGTON,VT
MIXED,BRINDLE,F,Medium,7,(25 to 50 pounds),671,FALSE,BURLINGTON,VT
RETRIEVER MIX,BLACK WITH WHITE,M,Large,5,(50 to 100 pounds),WANGER,FALSE,BURLINGTON,VT
SHEPHERD MIX,BROWN WITH TAN,M,Large,2,(50 to 100 pounds),WALNUT,FALSE,BURLINGTON,VT
GOLDEN DOODLE,,M,Medium,0-1,(25 to 50 pounds),RINGO,TRUE,BURLINGTON,VT
BLUETICK COON HOUND,BLACK/WHITE,F,Medium,1,(25 to 50 pounds),PIPER,FALSE,BURLINGTON,VT
GOLDENDOODLE,BLACK,F,Large,10,(50 to 100 pounds),FERGUS,FALSE,BURLINGTON,VT
NEWFOUNDLAND,BLACK,F,Large,1,(50 to 100 pounds),UTA,TRUE,BURLINGTON,VT
BEAGLE,TRI,M,Medium,10+,(25 to 50 pounds),SNOOPY,FALSE,BURLINGTON,VT
RETREIVER,GOLDEN,M,Large,5-Jan,(50 to 100 pounds),FINN,FALSE,BURLINGTON,VT
HOUND MIX,BLACK AND TAN,M,Medium,1,(25 to 50 pounds),BOOKER,FALSE,BURLINGTON,VT
MIXED BREED,GREY,F,Medium,2,(25 to 50 pounds),DALLAS,FALSE,BURLINGTON,VT
Pointer,Black/Gray,F,Large,2,(50 to 100 pounds),Trout,FALSE,BURLINGTON,VT
Hound Mix,Black/Brown,M,Large,4,(50 to 100 pounds),Richard,FALSE,BURLINGTON,VT
LAB MIX,TAN/WHITE,F,Medium,1,(25 to 50 pounds),DIXIE,TRUE,BURLINGTON,VT
LABRADOR RETRIEVER MIX,YELLOW/WHITE,M,Large,1,(50 to 100 pounds),SAMAY,FALSE,BURLINGTON,VT
CAVALIER KING SPANIEL,BLENHEIM,F,,0-1,,MAPLE,TRUE,BURLINGTON,VT
SAMOYED,WHITE,M,Medium,11,(25 to 50 pounds),SOONER,FALSE,BURLINGTON,VT
Yorkshire Terrier,white,M,,12,,Toby,FALSE,BURLINGTON,VT
Bichon Frise,White,F,Medium,5,(25 to 50 pounds),Coco,FALSE,BURLINGTON,VT
LABRADOR RETRIEVER,BLACK,F,Medium,0-1,(25 to 50 pounds),STELLA,TRUE,BURLINGTON,VT
LAB MIX,TAN,M,Large,6+,(50 to 100 pounds),TANNER,FALSE,BURLINGTON,VT
SHEPHERD MIX,TAN,F,Medium,10+,(25 to 50 pounds),GIGI,FALSE,BURLINGTON,VT
WEST HIGHLAND TERRIER,WHITE,M,Small,4,(12 to 25 pounds),WALLY,FALSE,BURLINGTON,VT
ENG SETTER,BLACK/WHITE,M,Medium,6,(25 to 50 pounds),MICK,FALSE,BURLINGTON,VT
SHEPHERD (AUSTRALIAN),BLUE MERLE,M,Large,8,(50 to 100 pounds),WARREN,TRUE,BURLINGTON,VT
LABRADOR MIX,BLACK,M,Large,15,(50 to 100 pounds),JACKSON,TRUE,BURLINGTON,VT
POODLE/SHIH TZU,BLACK/TAN,F,Small,14,(12 to 25 pounds),POPPY,TRUE,BURLINGTON,VT
CHINESE CRESTED,TRI,F,Small,14,(12 to 25 pounds),MOLLY,TRUE,BURLINGTON,VT
BEAGLE MIX,TRI COLOR,F,Medium,14,(25 to 50 pounds),MAYA,TRUE,BURLINGTON,VT
BORDER COLLIE,BLACK/WHITE,F,Medium,13,(25 to 50 pounds),LUCE,TRUE,BURLINGTON,VT
BOXER,BROWN,F,Medium,12,(25 to 50 pounds),COCO,TRUE,BURLINGTON,VT
SHEPHERD MIX,BLACK/TAN,F,Large,12,(50 to 100 pounds),CASSY,TRUE,BURLINGTON,VT
LAB/HOUND MIX,BLACK/WHITE,F,Medium,12,(25 to 50 pounds),SOPHIE,TRUE,BURLINGTON,VT
LABRADOR RETRIEVER,CHOCOLATE,F,Medium,5+,(25 to 50 pounds),BRIDGET,TRUE,BURLINGTON,VT
AUSTRAILIAN SHEPHERD,BLUE MERLE,M,Medium,12,(25 to 50 pounds),CODY,TRUE,BURLINGTON,VT
LAB,CHOCOLATE,M,Large,11,(50 to 100 pounds),RONDO,TRUE,BURLINGTON,VT
MIXED,BLACK/WHITE,M,Medium,7+,(25 to 50 pounds),MAX,TRUE,BURLINGTON,VT
HOUND MIX,BLACK/TAN,M,Large,3,(50 to 100 pounds),MURPHY,TRUE,BURLINGTON,VT
BOXER,BRINDLE,F,Large,14,(50 to 100 pounds),MIKA,TRUE,BURLINGTON,VT
LABRADOR,BLACK,F,Large,12,(50 to 100 pounds),ONIE,TRUE,BURLINGTON,VT
MINIATURE POODLE,BLACK,M,Small,11,(12 to 25 pounds),ROSCOE,TRUE,BURLINGTON,VT
LAB,BLACK,F,Large,11,(50 to 100 pounds),TIKA,TRUE,BURLINGTON,VT
PUG,BLACK,M,Small,10,(12 to 25 pounds),RUPERT,TRUE,BURLINGTON,VT
BOXER,BRINDLE/WHITE,F,Medium,8+,(25 to 50 pounds),NORA,TRUE,BURLINGTON,VT
SHARPEI,CHOCOLATE,M,Medium,11,(25 to 50 pounds),TEDDY (NO RABIES),TRUE,BURLINGTON,VT
PIT BULL,BLACK W/WHITE,F,Large,9,(50 to 100 pounds),MISTY,TRUE,BURLINGTON,VT
ENGLISH SPRINGER SPANIEL,LIVER AND WHITE,F,Medium,14,(25 to 50 pounds),MACLEAN,TRUE,BURLINGTON,VT
ENGLISH BULLDOG,FAWN & WHITE,F,Large,10,(50 to 100 pounds),ANNABELLE,TRUE,BURLINGTON,VT
LAB MIX,YELLOW,M,Medium,10,(25 to 50 pounds),MONZO,TRUE,BURLINGTON,VT
GERMAN SHEPARD,BLACK/TAN,M,Medium,9,(25 to 50 pounds),CHISEL,TRUE,BURLINGTON,VT
POODLE MIN/YORKSHIRE TERR,WHITE/GRAY,F,Small,11,(12 to 25 pounds),ELLA,TRUE,BURLINGTON,VT
LAB,CHOCOLATE,M,Large,11,(50 to 100 pounds),WILSON,TRUE,BURLINGTON,VT
LABRADOR RETRIEVER,CHOCOLATE,M,Medium,5+,(25 to 50 pounds),JAKE SCHUMAN,TRUE,BURLINGTON,VT
POMERANIAN,BLACK,F,Small,5+,(12 to 25 pounds),COCO,FALSE,BURLINGTON,VT
HOUND MIX,BRINDLE,M,Medium,10,(25 to 50 pounds),TIGGER,TRUE,BURLINGTON,VT
BORDER COLLIE,BLACK/WHITE,F,Medium,9,(25 to 50 pounds),RITZ,TRUE,BURLINGTON,VT
SOFT COATED WHEATON TERRIER,WHEAT,M,Medium,8,(25 to 50 pounds),JAKE,TRUE,BURLINGTON,VT
SPANIEL MIX,BLACK,M,Medium,12,(25 to 50 pounds),OSCAR,TRUE,BURLINGTON,VT
GOLDEN RETRIEVER,GOLDEN,F,Large,8,(50 to 100 pounds),DAISY,TRUE,BURLINGTON,VT
AUSSIE/CORGI MIX,TAN / WHITE / BLACK,M,Medium,9,(25 to 50 pounds),MASON,TRUE,BURLINGTON,VT
MINIATURE SCHNAUZER,BLACK,F,Small,9,(12 to 25 pounds),JASSY,TRUE,BURLINGTON,VT
TERRIER,BLACK/TAN,F,Small,7,(12 to 25 pounds),BEAN SPROUT,TRUE,BURLINGTON,VT
SHIH TZU,BLACK/WHITE,F,,7,,KIRA,TRUE,BURLINGTON,VT
"SHEEPDOG, SHETLAND MIX",SABLE,M,Medium,13,(25 to 50 pounds),BUDDY,TRUE,BURLINGTON,VT
LAB MIX,YELLOW,F,Large,9,(50 to 100 pounds),EMMA,TRUE,BURLINGTON,VT
BICHON,WHITE,F,,7,,SOPHIE,TRUE,BURLINGTON,VT
BORDER COLLIE,BLACK,F,Medium,8,(25 to 50 pounds),DAISY,TRUE,BURLINGTON,VT
BOSTON TERRIER,CHOCOLATE,F,Small,7,(12 to 25 pounds),ETTA,TRUE,BURLINGTON,VT
CAVA/POO,BLACK/WHITE,F,Small,7,(12 to 25 pounds),MUFFIN,TRUE,BURLINGTON,VT
CATAHOULA MIX,BLUE MERLE/WHITE,F,Medium,10,(25 to 50 pounds),SMOKEY,TRUE,BURLINGTON,VT
LABRADOODLE,TAN,F,Medium,9,(25 to 50 pounds),ELLIE MAE,TRUE,BURLINGTON,VT
BICHON FRISE,APRICOT/WHITE,F,Medium,15,(25 to 50 pounds),DOLLY,TRUE,BURLINGTON,VT
HAVANESE,WHITE/BUFF,M,Small,7,(12 to 25 pounds),PIP,TRUE,BURLINGTON,VT
AUST. SHEPHERD MIX,TRI,F,Medium,7,(25 to 50 pounds),MANGO,TRUE,BURLINGTON,VT
MIXED,WHITE/BROWN,F,Medium,7,(25 to 50 pounds),HAZEL,TRUE,BURLINGTON,VT
POINTER MIX,BROWN/WHITE,M,Medium,1,(25 to 50 pounds),BAILEY,TRUE,BURLINGTON,VT
PAPILLON,BLACK/WHITE,F,Small,7,(12 to 25 pounds),LILLI KATE,TRUE,BURLINGTON,VT
POODLE,BLACK,F,Small,6,(12 to 25 pounds),NELLIE,TRUE,BURLINGTON,VT
ENGLISH POINTER,WHITE,F,Medium,11,(25 to 50 pounds),LUNA,TRUE,BURLINGTON,VT
LABRADOR MIX,BROWN,M,Medium,7,(25 to 50 pounds),ZACH,FALSE,BURLINGTON,VT
GOLDEN DOODLE,GOLDEN,M,Large,7,(50 to 100 pounds),WESLEY,TRUE,BURLINGTON,VT
"RETRIEVE, LAB",CHOCOLATE,M,Large,6,(50 to 100 pounds),WILLY WONKA,FALSE,BURLINGTON,VT
LAB,YELLOW,M,Medium,5-Jan,(25 to 50 pounds),GEORGE,TRUE,BURLINGTON,VT
LAB/SHEPHERD MIX,WHITE/TAN,F,Medium,7,(25 to 50 pounds),ABBY,TRUE,BURLINGTON,VT
LAB,CHOCOLATE,M,,6,,JACK,TRUE,BURLINGTON,VT
RETRIEVER,GOLDEN,M,Large,7,(50 to 100 pounds),JACK,TRUE,BURLINGTON,VT
MIN POODLE,RED,M,,5-Jan,,SERENDIPITY,TRUE,BURLINGTON,VT
TERRIER MIX,BLACK,M,Small,7,(12 to 25 pounds),WILBUR,TRUE,BURLINGTON,VT
PEKINGESE,CREAM,M,Small,7,(12 to 25 pounds),PETE,TRUE,BURLINGTON,VT
LAB/HUSKY MIX,BROWN,M,Large,11+,(50 to 100 pounds),GRIZZLY,TRUE,BURLINGTON,VT
terrier/corgi mix,black and white,M,Small,4,(12 to 25 pounds),LUCKY II,TRUE,BURLINGTON,VT
JACK RUSSELL MIX,WHITE/TAN,M,Medium,5,(25 to 50 pounds),TEDDY,TRUE,BURLINGTON,VT
LAB MIX,BLACK/WHITE,F,Large,6,(50 to 100 pounds),GRACE,TRUE,BURLINGTON,VT
POODLE (STANDARD),BLACK,F,Large,11,(50 to 100 pounds),APRIL,TRUE,BURLINGTON,VT
LAB MIX,TAN/WHITE,M,Medium,5-Jan,(25 to 50 pounds),DRAKE,TRUE,BURLINGTON,VT
CHUHUAHUA,BLACK/BROWN,F,Small,5-Jan,(12 to 25 pounds),BELLA,TRUE,BURLINGTON,VT
BEAGLE MIX,BLACK/TAN,M,Medium,8,(25 to 50 pounds),RAWLEY,TRUE,BURLINGTON,VT
SHEPHERD MIX,BLACK & TAN,M,Large,5,(50 to 100 pounds),LOKI,TRUE,BURLINGTON,VT
LAB MIX,BLACK/WHITE,F,Large,7,(50 to 100 pounds),KADIE,TRUE,BURLINGTON,VT
HUSKY MIX,BLONDE,F,Medium,8,(25 to 50 pounds),DUTCHESS,TRUE,BURLINGTON,VT
RETRIEVER MIX,BLACK/WHITE,F,Large,4,(50 to 100 pounds),YOSHIMI,TRUE,BURLINGTON,VT
WEST HIGHLAND TERRIER,WHITE,M,Small,8,(12 to 25 pounds),TOBY,TRUE,BURLINGTON,VT
SHEPHERD MIX,TAN/BROWN,F,Large,4,(50 to 100 pounds),DAISY,TRUE,BURLINGTON,VT
BEAGLE MIX,TAN,M,Medium,5,(25 to 50 pounds),PEANUT,TRUE,BURLINGTON,VT
RETRIEVER MIX,BRINDLE,F,Small,5,(12 to 25 pounds),FERN,TRUE,BURLINGTON,VT
POODLE,BLACK,F,Large,4,(50 to 100 pounds),BONNIE,TRUE,BURLINGTON,VT
LAB MIX,BLACK,F,Large,7,(50 to 100 pounds),BELLA,TRUE,BURLINGTON,VT
LAB,BLACK,F,Large,11+,(50 to 100 pounds),BIANCA,TRUE,BURLINGTON,VT
GERMAN SHEPHERD/CHOW MIX,TAN,M,Large,11,(50 to 100 pounds),CHILI,TRUE,BURLINGTON,VT
RETRIEVER,GOLDEN,F,Large,5,(50 to 100 pounds),MAPLE,TRUE,BURLINGTON,VT
LAB MIX,BLACK,F,Medium,4,(25 to 50 pounds),DORY,TRUE,BURLINGTON,VT
MINI SCHNAUZER,GREY,F,Small,7,(12 to 25 pounds),SOFIA,TRUE,BURLINGTON,VT
MIXED,TAN,F,Large,4,(50 to 100 pounds),AMELIE,TRUE,BURLINGTON,VT
LABRADOODLE,TAN,F,Medium,4,(25 to 50 pounds),LEELOO,TRUE,BURLINGTON,VT
AUSTRALIAN CATTLE DOG,BLUE / WHITE,F,Medium,5,(25 to 50 pounds),JAXI,TRUE,BURLINGTON,VT
MIXED,BLACK AND TAN,F,Medium,6,(25 to 50 pounds),MOLLY,TRUE,BURLINGTON,VT
FIEST,BLACK,F,Medium,4,(25 to 50 pounds),LUNA,TRUE,BURLINGTON,VT
LAB,BLACK,M,,4,,DUDLEY,TRUE,BURLINGTON,VT
SHEPARD X,TRI,M,Small,3,(12 to 25 pounds),MILES,TRUE,BURLINGTON,VT
STANDARD POODLE,BLACK,M,Medium,3,(25 to 50 pounds),WINSTON,TRUE,BURLINGTON,VT
FIEST MIX,BLACK AND WHITE,F,Small,5,(12 to 25 pounds),PHRYNE,TRUE,BURLINGTON,VT
Havanese,White,F,Small,11,(12 to 25 pounds),Chaya,TRUE,BURLINGTON,VT
Labrador Retriver,Yellow,F,Large,8,(50 to 100 pounds),KUNA,TRUE,BURLINGTON,VT
MIXED,BLACK & TAN,F,Small,5-Jan,(12 to 25 pounds),ALLY,TRUE,BURLINGTON,VT
RETREIVER,GOLDEN,F,Medium,4,(25 to 50 pounds),DUTCHESS,TRUE,BURLINGTON,VT
American Staffordshire Terrier,Black and White,F,Medium,3,(25 to 50 pounds),Charli,TRUE,BURLINGTON,VT
"CATTLE DOG, AUSTRALIAN MIX",BLACK AND WHITE,F,Large,4,(50 to 100 pounds),PEACHES,TRUE,BURLINGTON,VT
HAVANESE,SABLE AND WHITE,F,,3,,MAYA,TRUE,BURLINGTON,VT
BORDER COLLIE,BLACK AND WHITE,F,Medium,3,(25 to 50 pounds),GILLES,TRUE,BURLINGTON,VT
BERGER ALLEMAND,GOLDEN,M,Medium,6,(25 to 50 pounds),MOOSE,TRUE,BURLINGTON,VT
GRIPHON,BLACK/WHITE/BROWN,F,Medium,3,(25 to 50 pounds),FREYA,TRUE,BURLINGTON,VT
Golden Retriever,Golden,M,Medium,3,(25 to 50 pounds),OSCAR,TRUE,BURLINGTON,VT
"CHIHUAHUA, SHORT COAT",BROWN/WHITE,F,Small,7,(12 to 25 pounds),NUALA,TRUE,BURLINGTON,VT
CAIRN TERRIER MIX,BLACK,F,Small,11,(12 to 25 pounds),ALICE,TRUE,BURLINGTON,VT
MIXED BREED,WHITE,F,Large,3,(50 to 100 pounds),MELLA,TRUE,BURLINGTON,VT
Basenji,blonde,F,Medium,10,(25 to 50 pounds),Sophie,TRUE,BURLINGTON,VT
ENGLISH COCKER SPANIEL,BLUE ROAN,F,Small,6,(12 to 25 pounds),MARIE,TRUE,BURLINGTON,VT
Labradoodle mix,Caramel,F,Medium,2,(25 to 50 pounds),Mazzy,TRUE,BURLINGTON,VT
"RETRIEVER, LABRADOR",BLACK,F,Large,4,(50 to 100 pounds),FRANKIE,TRUE,BURLINGTON,VT
GOLDEN RETRIEVER,GOLD,F,Large,4,(50 to 100 pounds),LOLO,TRUE,BURLINGTON,VT
"POODLE, MINIATURE",GRAY AND BLACK,F,,12,,LUNA,TRUE,BURLINGTON,VT
DOBERMAN PINSCHER,BLACK & BROWN,M,Large,3,(50 to 100 pounds),TINY TIM,FALSE,BURLINGTON,VT
"MASTIFF, OLD ENGLISH",APRICOT,M,,8,,RUFUS,TRUE,BURLINGTON,VT
TERRIER MIX,BLACK TAN,F,Small,12,(12 to 25 pounds),DINAH,FALSE,BURLINGTON,VT
BEAGLE MIX,WHITE/TAN,F,Small,9,(12 to 25 pounds),MILLIE,TRUE,BURLINGTON,VT
AUSTRAILIAN LABRADOODLE,CARMEL,F,Small,2,(12 to 25 pounds),JOSIE,FALSE,BURLINGTON,VT
GOLDEN DOODLE,BLACK,F,Medium,2,(25 to 50 pounds),STELLA,TRUE,BURLINGTON,VT
SHIHTZU,WHITE,M,Small,10,(12 to 25 pounds),CODY,TRUE,BURLINGTON,VT
GREAT DANE,BLACK,M,Large,9,(50 to 100 pounds),ULYSSES,TRUE,BURLINGTON,VT
Retriever Mix,,M,Medium,4,(25 to 50 pounds),Ollie,TRUE,BURLINGTON,VT
Pit Bull Mix,white,F,Large,11,(50 to 100 pounds),Lucy,TRUE,BURLINGTON,VT
BEAGLE MIX,BLACK/WHITE,F,Medium,7,(25 to 50 pounds),CHARLOTTE,TRUE,BURLINGTON,VT
RETRIEVER MIX,BLACK,M,Large,5,(50 to 100 pounds),ROCKET,TRUE,BURLINGTON,VT
BERNESE MOUNT.,BLK/BROWN,F,Large,3,(50 to 100 pounds),ZOEY,TRUE,BURLINGTON,VT
Mini Poodle,Grey,M,Small,13,(12 to 25 pounds),Pepper,TRUE,BURLINGTON,VT
HOUND MIX,TRI COLOR,F,Medium,4,(25 to 50 pounds),DEE DEE,TRUE,BURLINGTON,VT
MIXED BREED,GREY/TAN,F,Large,3,(50 to 100 pounds),GEMMA,TRUE,BURLINGTON,VT
HOUND MIX,TAN AND WHITE,M,Medium,10,(25 to 50 pounds),RED,TRUE,BURLINGTON,VT
BOXER MIX,WHITE/BROWN,M,Large,3,(50 to 100 pounds),CHACE,TRUE,BURLINGTON,VT
TERRIER,BLACK/TAN,M,Medium,5,(25 to 50 pounds),ROCKY,TRUE,BURLINGTON,VT
Mixed Breed,Black and White,F,Medium,3,(25 to 50 pounds),Nova,TRUE,BURLINGTON,VT
Chihuahua Mix,"Black, Brown, White",F,,2,,BUBBLES,TRUE,BURLINGTON,VT
TERRIER MIX,BLACK/WHITE,F,Medium,6,(25 to 50 pounds),PENELOPE,TRUE,BURLINGTON,VT
SHEPARD MIX,TAN WHITE,M,Large,3,(50 to 100 pounds),Deckard,TRUE,BURLINGTON,VT
ENGLISH SPRINGER SPANIEL,BLACK/WHITE,F,Medium,3,(25 to 50 pounds),TARA,TRUE,BURLINGTON,VT
PITBULL,GRAY/WHITE,M,Medium,3-Feb,(25 to 50 pounds),LOKI,FALSE,BURLINGTON,VT
SILKY TERRIER,BLACK/BROWN,M,Small,5-Jan,(12 to 25 pounds),DJANGO,TRUE,BURLINGTON,VT
LABRADOR  RETRIEVER MIX,BLACK,M,Medium,2,(25 to 50 pounds),JASPER,FALSE,BURLINGTON,VT
SHAR-PEI MIX,LIGHT BROWN,F,Medium,3,(25 to 50 pounds),ANGEL,TRUE,BURLINGTON,VT
German Shepherd Mix,Red and Black,M,Large,7,(50 to 100 pounds),Ace,FALSE,BURLINGTON,VT
Poodle,Black,F,Small,2,(12 to 25 pounds),Pepper,TRUE,BURLINGTON,VT
Hound Mix,Black,F,Large,9,(50 to 100 pounds),Pepper,TRUE,BURLINGTON,VT
Petit Bassett Griffon Vendeen,White and Fawn,F,Medium,8,(25 to 50 pounds),Miss Daisy,TRUE,BURLINGTON,VT
PUG,BLACK,F,Small,2,(12 to 25 pounds),SAOIRSE,FALSE,BURLINGTON,VT
Springer Spaniel,Black and White,M,Small,1,(12 to 25 pounds),Oliver,TRUE,BURLINGTON,VT
MALTESE,LIGHT APRICOT,F,,1,,MAISY BRAY,FALSE,BURLINGTON,VT
RETRIEVER MIX,BLACK/WHITE,F,,4,,BOOBEAR,TRUE,BURLINGTON,VT
BEARDED COLLIE,BLACK/WHITE,M,Large,10,(50 to 100 pounds),DOUGAL,TRUE,BURLINGTON,VT
MIXED BREED,CHOCOLATE,F,Large,8,(50 to 100 pounds),ROSIE,TRUE,BURLINGTON,VT
MIXED BREED,BLACK/WHITE,F,Large,7,(50 to 100 pounds),DALLAS,TRUE,BURLINGTON,VT
CHIHUAHUA MIX,BLACK/WHITE,M,Small,6,(12 to 25 pounds),OLLIE,TRUE,BURLINGTON,VT
PIT BULL TERRIER,BLACK AND WHITE,M,,2,,MICK,FALSE,BURLINGTON,VT
AMERICAN BULLY MIX,WHITE,F,Small,3,(12 to 25 pounds),LUNA,FALSE,BURLINGTON,VT
Mixed,Black and White,F,Small,13,(12 to 25 pounds),Courage,FALSE,BURLINGTON,VT
Mixed Breed,Tan,F,Large,5,(50 to 100 pounds),Sadie,TRUE,BURLINGTON,VT
Goldendoodle,GOLD,M,Medium,3,(25 to 50 pounds),Griffin,TRUE,BURLINGTON,VT
Chihuahua,,M,,5,,Steve,TRUE,BURLINGTON,VT
LABRADOR RETRIEVER,BLACK,F,Small,1,(12 to 25 pounds),MAYA,FALSE,BURLINGTON,VT
Chihuahua,Red and White,F,,6,,Betty,TRUE,BURLINGTON,VT
GREYHOUND,RED,M,Large,3,(50 to 100 pounds),MOONSHADOW,TRUE,BURLINGTON,VT
CANINE,BROWN/WHITE,M,Medium,4,(25 to 50 pounds),JAKE,FALSE,BURLINGTON,VT
BEAGLE MIX,TRI,F,Large,10,(50 to 100 pounds),BABBS,TRUE,BURLINGTON,VT
SCOTTISH TERRIER,BLACK,M,Small,1,(12 to 25 pounds),PETER,FALSE,BURLINGTON,VT
MIXED BREED,BROWN,F,Medium,2,(25 to 50 pounds),ISLAY,TRUE,BURLINGTON,VT
LAB MIX,BROWN,F,Large,7,(50 to 100 pounds),MIST,FALSE,BURLINGTON,VT
HUSKY MIX,BLONDE,F,Medium,2,(25 to 50 pounds),LILY,TRUE,BURLINGTON,VT
AMERICAN PIT BULL TERRIER/MIXE,GRAY/WHITE,F,Medium,4,(25 to 50 pounds),Tela,FALSE,BURLINGTON,VT
GOLDENDOODLE,LIGHT GOLD,F,Large,7,(50 to 100 pounds),SOPHIE,FALSE,BURLINGTON,VT
AUSTRALIAN SHEPARD,RED TRICOLO,M,Medium,3,(25 to 50 pounds),PHOENIX,FALSE,BURLINGTON,VT
LABRADOR RETRIEVER,BLACK,F,Large,8,(50 to 100 pounds),RAVEN,FALSE,BURLINGTON,VT
BOXER MIX,BEIGE,F,Large,3,(50 to 100 pounds),HOGAN,FALSE,BURLINGTON,VT
"BLUE HEELER, AUSTRILIAN MIX",TRI COLOR,M,Small,1,(12 to 25 pounds),TOBY,TRUE,BURLINGTON,VT
,YELLOW,F,Small,0-1,(12 to 25 pounds),CECE,TRUE,BURLINGTON,VT
Hound Mix,Reddish Tan,M,Medium,0-1,(25 to 50 pounds),Walker,FALSE,BURLINGTON,VT
Lab Mix,Black,M,Large,5,(50 to 100 pounds),Rex,FALSE,BURLINGTON,VT
Pit Bull,Buff/White,F,Medium,2,(25 to 50 pounds),Louise,FALSE,BURLINGTON,VT
Shepherd Mix,Brown/Tan,M,Large,3,(50 to 100 pounds),Copper,FALSE,BURLINGTON,VT
Golden Retriever Mix,Tan,F,Medium,4,(25 to 50 pounds),Zoya,TRUE,BURLINGTON,VT
Boston Terrier,Black and white,F,Small,1,(12 to 25 pounds),Daphne,FALSE,BURLINGTON,VT
,Cream,F,Large,8,(50 to 100 pounds),Sadie,FALSE,BURLINGTON,VT
Chihuahua Mix,Brown,M,,>1,,Buddy,FALSE,BURLINGTON,VT
Doberman Pinscher,Black/Tan,M,Large,3,(50 to 100 pounds),Prince Harry,TRUE,BURLINGTON,VT
Retriever Mix,Brown,F,Large,1,(50 to 100 pounds),Winnie,TRUE,BURLINGTON,VT
Golden Doodle,Red,F,Large,>1,(50 to 100 pounds),Suki,TRUE,BURLINGTON,VT
Pitbull Mix,"White, black spots",F,Medium,>1,(25 to 50 pounds),Pepper Ann,FALSE,BURLINGTON,VT
Lab Mix,Tan with white,F,Large,10,(50 to 100 pounds),Daisy,TRUE,BURLINGTON,VT
Mixed Breed,,F,,>1,,Xena,TRUE,BURLINGTON,VT
GERMAN SHEPHERD MIX,BLACK / TAN,M,Large,5+,(50 to 100 pounds),LEICA,FALSE,BURLINGTON,VT
Feist,,M,,5,,Li'l Joey,TRUE,BURLINGTON,VT
Labrador Retriever,Chocolate,M,Large,1,(50 to 100 pounds),Finn,TRUE,BURLINGTON,VT
Husky,Bay & white,F,Small,7,(12 to 25 pounds),Marley,TRUE,BURLINGTON,VT
BEAGLE,,F,Small,1,(12 to 25 pounds),WILLOW,FALSE,BURLINGTON,VT
MIXED,BRINDLE,F,Medium,6,(25 to 50 pounds),BRIE,FALSE,BURLINGTON,VT
MIXED,TAUPE/WHITE,F,Medium,4,(25 to 50 pounds),DIVA,FALSE,BURLINGTON,VT
RAT TERRIER,TRI,F,Small,14,(12 to 25 pounds),ANNIE,FALSE,BURLINGTON,VT
Pit Bull,,F,Medium,5mo,(25 to 50 pounds),Henrietta,FALSE,BURLINGTON,VT
Alaski,Tricolor,M,,3,,Luka,TRUE,BURLINGTON,VT
Labrador Mix,Black and brown,F,Large,6,(50 to 100 pounds),Scout,TRUE,BURLINGTON,VT
Mixed Breed,Black,F,Medium,1,(25 to 50 pounds),Peanut Rego,TRUE,BURLINGTON,VT
Shar-Pei,White and brown,M,Large,2,(50 to 100 pounds),Walnut,TRUE,BURLINGTON,VT
SHIH TZU,BLACK/WHITE,F,,7+,,STAR,FALSE,BURLINGTON,VT
Pit Bull Mix,"White, orange spots",M,Large,9,(50 to 100 pounds),Johann,TRUE,BURLINGTON,VT
PUG MIX,BLACK/TAN,M,Medium,11,(25 to 50 pounds),FRANKIE,FALSE,BURLINGTON,VT
BICHON FRISE,WHITE,M,Small,9,(12 to 25 pounds),JEDDAH,FALSE,BURLINGTON,VT
QUEENSLAND BLUE HEALER,BROWN MERLE,M,Medium,5,(25 to 50 pounds),BARLEY,FALSE,BURLINGTON,VT
"RETRIEVER, FLAT COATED",BLACK,F,Medium,0-5,(25 to 50 pounds),ROSIE,FALSE,BURLINGTON,VT
"BULLDOG, FRENCH",BLUE,M,Medium,3,(25 to 50 pounds),MORTIMER,TRUE,BURLINGTON,VT
HOUND MIX,,F,,0-1,,SWEETIE,FALSE,BURLINGTON,VT
MIXED BREED,TRI,F,Medium,0-1,(25 to 50 pounds),SNICKERS,FALSE,BURLINGTON,VT
MIXED,BLACK/SILVER,M,Small,0-1,(12 to 25 pounds),LOXLEY,TRUE,BURLINGTON,VT
POMERANIAN,ORANGE,F,,5,,PIPER,FALSE,BURLINGTON,VT
LAB RETRIEVER,CHARCOAL,F,Medium,5-Jan,(25 to 50 pounds),MILLIE,FALSE,BURLINGTON,VT
CHIHUAHUA MIX,TAN,F,Small,4,(12 to 25 pounds),ROSIE,FALSE,BURLINGTON,VT
SHEPHERD MIX,BLACK/WHITE,F,Medium,0-1,(25 to 50 pounds),PIP,TRUE,BURLINGTON,VT
CATAHOULA MIX,RED MERLE,F,Small,8,(12 to 25 pounds),SPECKLES,FALSE,BURLINGTON,VT
CHIHUAHUA MIX,TAN,M,Small,7,(12 to 25 pounds),SNOWBALL,TRUE,BURLINGTON,VT
MIXED BREED,BLACK,F,Medium,5,(25 to 50 pounds),AIMEE,FALSE,BURLINGTON,VT
DALMATIAN MIX,WHITE/BLACK,M,Medium,1,(25 to 50 pounds),MOLDER,FALSE,BURLINGTON,VT
SHEPHERD MIX,BLACK/TAN,F,Medium,4,(25 to 50 pounds),GEMMA,FALSE,BURLINGTON,VT
ALL AMERICAN DOG,WHITE/BROWN,M,Medium,3,(25 to 50 pounds),BLUE,FALSE,BURLINGTON,VT
"MALAMUTE, ALASKAN",BLACK/WHITE,M,Large,1,(50 to 100 pounds),ROCKY,FALSE,BURLINGTON,VT
MIXED BREED,BLACK/WHITE,F,Medium,3,(25 to 50 pounds),MOOSE,FALSE,BURLINGTON,VT
BRITTANY SPANIEL,WHITE & RED,F,Medium,5,(25 to 50 pounds),PEPPER,FALSE,BURLINGTON,VT
"HUSKY, SIBERIAN MIX",,M,Large,9,(50 to 100 pounds),KEMPER,FALSE,BURLINGTON,VT
GOLDEN RETRIEVER,GOLDEN,F,Large,8,(50 to 100 pounds),ABBY,FALSE,BURLINGTON,VT
GOLDEN RETRIEVER,GOLDEN,M,Large,1,(50 to 100 pounds),LOKI,FALSE,BURLINGTON,VT
MIXED,BLACK,F,Small,0-5,(12 to 25 pounds),SAMANTHA,FALSE,BURLINGTON,VT
HEELER MIX,WHITE/RED,F,,0-1,,IBBY,FALSE,BURLINGTON,VT
STANDARD POODLE,CHOCOLATE,F,Medium,3,(25 to 50 pounds),FRANKIE,FALSE,BURLINGTON,VT
GREAT PYRENEES,,F,Large,4,(50 to 100 pounds),TILLY DEVINE,FALSE,BURLINGTON,VT
HUSTY MIX,BRINDLE,M,Large,1,(50 to 100 pounds),AMOS,FALSE,BURLINGTON,VT
BOXER MIX,,M,Large,2,(50 to 100 pounds),HAMILTON,FALSE,BURLINGTON,VT
Shih Tzu/Poodle,White,F,Small,1,(12 to 25 pounds),Cocoa,FALSE,BURLINGTON,VT
Samoyed,White,M,Large,3,(50 to 100 pounds),Bo,FALSE,BURLINGTON,VT
MIXED BREED,BROWN,M,Medium,10,(25 to 50 pounds),DEXTER,FALSE,BURLINGTON,VT
TERRIER MIX,BROWN,F,,14,,WILLOW,FALSE,BURLINGTON,VT
TERRIER MIX,BROWN,M,Small,14,(12 to 25 pounds),MONK,FALSE,BURLINGTON,VT
Shepherd mix,Black and Rust,M,Large,6,(50 to 100 pounds),Barney Bagel,TRUE,BURLINGTON,VT
SHIH TZU,TRI,M,Small,7,(12 to 25 pounds),PAQUITO,FALSE,BURLINGTON,VT
SCOTTISH TERRIER,WHEATEN,F,Small,1,(12 to 25 pounds),DAPHNE,FALSE,BURLINGTON,VT
LAB MIX,BLACK,F,Large,5,(50 to 100 pounds),EDIE,FALSE,BURLINGTON,VT
GERMAN SHEPHERD,RED/BLACK,M,Large,1,(50 to 100 pounds),TED,TRUE,BURLINGTON,VT
MIXED,WHITE/BLACK,M,Large,3,(50 to 100 pounds),BUCKY,FALSE,BURLINGTON,VT
ENGLISH BULLDOG,TAN AND WHITE,M,Large,3,(50 to 100 pounds),GUS,FALSE,BURLINGTON,VT
SHETLANE SHEEP DOG,TRI COLOR,M,,0-1,,AINSLEY,TRUE,BURLINGTON,VT
Australian Shepherd,Tri-colored,F,Medium,1,(25 to 50 pounds),Rain,FALSE,BURLINGTON,VT
LABRADOR MIX,BROWN,M,Large,2,(50 to 100 pounds),CHARLIE,FALSE,BURLINGTON,VT
LAB RETREIVER,BLACK,M,Large,5-Jan,(50 to 100 pounds),ABE,FALSE,BURLINGTON,VT
CAVAPOO,CHESTNUT,F,,1,,POPPY,FALSE,BURLINGTON,VT
SHARPEI MIX,BLACK AND BROWN,M,Large,2,(50 to 100 pounds),ARGUS,FALSE,BURLINGTON,VT
SAMOYED,WHITE,F,Medium,0-5,(25 to 50 pounds),ROSE,TRUE,BURLINGTON,VT
Lab,Black,M,Large,2,(50 to 100 pounds),Baloo,FALSE,BURLINGTON,VT
CHIHUAHUA/BEAGLE MIX,WHITE,F,Small,5+,(12 to 25 pounds),PEARL,FALSE,BURLINGTON,VT
LABRADOR CROSS,BLACK,F,Medium,6,(25 to 50 pounds),CHARLIE,FALSE,BURLINGTON,VT
AUSSIE DOODLE,BLACK & BROWN,M,Medium,0-1,(25 to 50 pounds),OTIS,FALSE,BURLINGTON,VT
GOLDEN RETRIEVER,BUFF,F,Large,3,(50 to 100 pounds),GRACIE,FALSE,BURLINGTON,VT
SAINT BERNARD,RED,F,,5-Jan,,SOPHIE,FALSE,BURLINGTON,VT
JACK RUSSELL MIX,BROWN/BLACK/WHITE,F,Small,6+,(12 to 25 pounds),CHO-CHO,FALSE,BURLINGTON,VT
GOLDEN DOODLE,APRICOT,M,Medium,0-1,(25 to 50 pounds),MURPHY,TRUE,BURLINGTON,VT
Samoyed,White,F,Large,11,(50 to 100 pounds),Lyra,FALSE,BURLINGTON,VT
ENG SETTER,BLACK/WHITE,F,Medium,6,(25 to 50 pounds),ELLA,FALSE,BURLINGTON,VT
BASSET HOUND,RED/WHITE,M,Large,13,(50 to 100 pounds),BRADFORD,TRUE,BURLINGTON,VT
"SPANIEL, BRITTANY",ORANGE/WHITE,F,Small,4,(12 to 25 pounds),LUNA,TRUE,BURLINGTON,VT
PAPILLON,TRI,M,,14+,,SUN DANCER,TRUE,BURLINGTON,VT
LAB,BLACK,F,Large,12,(50 to 100 pounds),KURO,TRUE,BURLINGTON,VT
"SPANIEL, COCKER ENG",BLACK/ WHITE,M,Small,3,(12 to 25 pounds),CHARLIE,TRUE,BURLINGTON,VT
LABRADOR,BLACK,F,Large,15,(50 to 100 pounds),CHLOE,TRUE,BURLINGTON,VT
Miniature Poodle,BLACK,F,Small,1,(12 to 25 pounds),STAR,TRUE,BURLINGTON,VT
"COLLIE, BORDER",BROWN/WHITE,M,Medium,15,(25 to 50 pounds),WINSTON - (SERVICE DOG),TRUE,BURLINGTON,VT
PUG,BLACK,M,Small,10,(12 to 25 pounds),BEAU,TRUE,BURLINGTON,VT
shih tzu mix,BLONDE,F,Small,14,(12 to 25 pounds),REGINA,TRUE,BURLINGTON,VT
SHIBA INU,TAN,M,Medium,15,(25 to 50 pounds),FENWAY,TRUE,BURLINGTON,VT
SHIBA INU,RED,M,Medium,8,(25 to 50 pounds),MIEKO,TRUE,BURLINGTON,VT
HOUND MIX,GOLDEN,F,Large,5+,(50 to 100 pounds),SHEBA,TRUE,BURLINGTON,VT
STABYHOUN,BLACK/WHITE,F,Small,13,(12 to 25 pounds),SUSKE,TRUE,BURLINGTON,VT
MIXED,BUFF,M,Small,12,(12 to 25 pounds),PICCOLO,TRUE,BURLINGTON,VT
SHIH TZU,IVORY,F,Small,5+,(12 to 25 pounds),SOPHIE,TRUE,BURLINGTON,VT
MALTESE MIX,BLACK,M,Small,12,(12 to 25 pounds),SMOKEY,TRUE,BURLINGTON,VT
MINI SCHNAUZER,SALT/PEPPER,F,Small,12,(12 to 25 pounds),JANCY,TRUE,BURLINGTON,VT
MINI SCHNAUZER,SILVER,F,Small,12,(12 to 25 pounds),MABEL,TRUE,BURLINGTON,VT
BEAGLE,TRI,M,Small,9,(12 to 25 pounds),MAX,TRUE,BURLINGTON,VT
CHIHUAHUA,BLACK/WHITE,F,,11,,NIKKI,TRUE,BURLINGTON,VT
PEKE-A-POO,BLACK,F,Small,11,(12 to 25 pounds),SHELLY,TRUE,BURLINGTON,VT
MINI GOLDEN DOODLE,RED,F,Medium,11,(25 to 50 pounds),ESSIE,TRUE,BURLINGTON,VT
CHIHUAHUA MIX,BLACK/TAN,M,Small,11,(12 to 25 pounds),JOSEPH (NO RABIES),TRUE,BURLINGTON,VT
SHAR PEI,BLACK,M,Large,14,(50 to 100 pounds),CHARLIE,TRUE,BURLINGTON,VT
COLLIE (BORDER),MERLE,F,Medium,10,(25 to 50 pounds),ALISA,FALSE,BURLINGTON,VT
CAVALIER KING CHARLES SPANIEL,TRI COLOR,F,Small,8,(12 to 25 pounds),NAYLA,TRUE,BURLINGTON,VT
SIBERIAN HUSKY,BLACK AND WHITE,F,Medium,11,(25 to 50 pounds),MAYA,TRUE,BURLINGTON,VT
PUGGLE,FAWN,M,Medium,5-Jan,(25 to 50 pounds),TOBY,TRUE,BURLINGTON,VT
LABRADOODLE,BROWN,M,Medium,9,(25 to 50 pounds),DOUGAL,TRUE,BURLINGTON,VT
CHIHUAHUA MIX,TRI,F,Small,15,(12 to 25 pounds),NUTMEG,TRUE,BURLINGTON,VT
TERRIER MIX,TRI,M,Small,8,(12 to 25 pounds),DANNY,TRUE,BURLINGTON,VT
MALTESE MIX,WHITE/BUFF,M,Small,9,(12 to 25 pounds),DUSTY,TRUE,BURLINGTON,VT
LAB,BLACK,F,Large,11,(50 to 100 pounds),NICKI,TRUE,BURLINGTON,VT
TERRIER SCOTTISH,WHEATEN,M,Medium,10,(25 to 50 pounds),BRODIE,TRUE,BURLINGTON,VT
BULLDOG (FRENCH),BRINDLE/WHITE,M,Medium,5+,(25 to 50 pounds),OLIVER,TRUE,BURLINGTON,VT
ENGLISH SETTER,BLACK AND WHITE,F,Medium,8,(25 to 50 pounds),LUNA,TRUE,BURLINGTON,VT
CAVALIER KING CHARLES SPANIEL,BLENHEIM,M,Small,8,(12 to 25 pounds),JASPER,TRUE,BURLINGTON,VT
POMERANIAN,BLACK/WHITE,F,Small,5-Jan,(12 to 25 pounds),SWEETIE PIE,FALSE,BURLINGTON,VT
LABRADOODLE,APRICOT,M,Large,8,(50 to 100 pounds),FLYNT,TRUE,BURLINGTON,VT
JINDO,WHITE,M,Medium,14,(25 to 50 pounds),COOPER,TRUE,BURLINGTON,VT
SHIBA INU,APRICOT,F,Small,7,(12 to 25 pounds),MOCHI,TRUE,BURLINGTON,VT
CATTLE DOG MIX,BLACK/BROWN,F,Large,13,(50 to 100 pounds),BESSIE,TRUE,BURLINGTON,VT
GREYHOUND,TAN W/BLACK,M,Large,10,(50 to 100 pounds),MR. GIBBS,TRUE,BURLINGTON,VT
BEAGLE MIX,BLACK AND WHITE,F,Medium,7,(25 to 50 pounds),STELLA,TRUE,BURLINGTON,VT
MIXED BREED,DARK BROWN,F,Small,5+,(12 to 25 pounds),MADDIE,TRUE,BURLINGTON,VT
MIXED BREED,TAN,M,Small,5+,(12 to 25 pounds),GIZMO,TRUE,BURLINGTON,VT
STANDARD POODLE,BLACK,F,Medium,7,(25 to 50 pounds),GENEVIEVE,TRUE,BURLINGTON,VT
POODLE (MINI),WHITE,F,Small,12,(12 to 25 pounds),SADIE,TRUE,BURLINGTON,VT
TERRIER/YORKSHIRE,BLACK AND BROWN,M,Small,10,(12 to 25 pounds),POLO,TRUE,BURLINGTON,VT
LAB MIX,TAN,F,,9,,BLOSSOM,TRUE,BURLINGTON,VT
MALTESE,WHITE,F,Small,4,(12 to 25 pounds),WILLOW,TRUE,BURLINGTON,VT
CHIHUAHUA,BLACK/WHITE,F,Small,6,(12 to 25 pounds),DAISY MAE,TRUE,BURLINGTON,VT
MINI. PINSCHER,BLACK/TAN,F,Small,8,(12 to 25 pounds),MADDIE,TRUE,BURLINGTON,VT
AUSTRALIAN SHEPHERD,RED MERLE,F,Medium,7,(25 to 50 pounds),FIONA,TRUE,BURLINGTON,VT
CAIRN,BRINDLE,M,Small,6,(12 to 25 pounds),BUDDY,TRUE,BURLINGTON,VT
SPANIEL MIX,TRI/BLOND,F,Small,9,(12 to 25 pounds),SADIE,TRUE,BURLINGTON,VT
PIT BULL,BROWN/ORANGE,M,Large,10,(50 to 100 pounds),FLUFFY,TRUE,BURLINGTON,VT
PEEKINESE MIX,BLACK,F,Small,5+,(12 to 25 pounds),SOFIE,TRUE,BURLINGTON,VT
HOUND,Black and Tan,M,Large,7,(50 to 100 pounds),HENRY,TRUE,BURLINGTON,VT
TERRIER MIX,GREY AND WHITE,M,Small,13,(12 to 25 pounds),BROWNSTEIN,TRUE,BURLINGTON,VT
TERRIER MIX,BLONDE,F,Medium,11,(25 to 50 pounds),BLONDIE,TRUE,BURLINGTON,VT
"SHEPHERD, AUSTRALIAN",RED AND TAN,F,Medium,11,(25 to 50 pounds),GINGER,TRUE,BURLINGTON,VT
COCKAPOO,CREAM,F,Medium,14,(25 to 50 pounds),CALLIE,TRUE,BURLINGTON,VT
GOLDEN RETRIEVER,GOLDEN,M,Medium,7,(25 to 50 pounds),BARTOK,TRUE,BURLINGTON,VT
RETRIEVER,GOLDEN,M,Medium,7,(25 to 50 pounds),RUSTY,TRUE,BURLINGTON,VT
SHIH TZU MIX,BROWN/WHITE,M,Small,13,(12 to 25 pounds),LOKI,TRUE,BURLINGTON,VT
JACK RUSSELL TERRRIER MIX,BLACK/WHITE,M,Small,5,(12 to 25 pounds),JACK,TRUE,BURLINGTON,VT
GOLDEN DOODLE,GOLD,F,Large,7,(50 to 100 pounds),MAPLE,TRUE,BURLINGTON,VT
TERRIER (SMOOTH FOX),BROWN/WHITE,M,Small,6,(12 to 25 pounds),FURBO,FALSE,BURLINGTON,VT
PUGGLE,BROWN/WHITE,M,Medium,11,(25 to 50 pounds),DILLON,TRUE,BURLINGTON,VT
"HOUND, PLOTT",BLACK/TAN,F,Large,9,(50 to 100 pounds),GEORGIA,TRUE,BURLINGTON,VT
AIREDALE TERRIER,TAN/BLK,F,Medium,14,(25 to 50 pounds),LOLA,TRUE,BURLINGTON,VT
GOLDEN RETREIVER,GOLDEN,F,Small,5-Jan,(12 to 25 pounds),Clover,TRUE,BURLINGTON,VT
Australian Shepherd,Red and White,F,Medium,8,(25 to 50 pounds),Foxy,TRUE,BURLINGTON,VT
PITBULL MIX,BROWN,M,Large,6,(50 to 100 pounds),HUDSON,TRUE,BURLINGTON,VT
BORDER COLLIE,BLACK/WHITE,M,Medium,5,(25 to 50 pounds),JACOB (SERVICE DOG),TRUE,BURLINGTON,VT
WEST HIGHLAND TERRIER,WHITE,M,Small,13,(12 to 25 pounds),SCOUT,TRUE,BURLINGTON,VT
LABRADOR,BLACK,M,Medium,5-Jan,(25 to 50 pounds),JJ,TRUE,BURLINGTON,VT
HUSKY/LAB MIX,GRAY,M,Large,5,(50 to 100 pounds),PHANTOM,TRUE,BURLINGTON,VT
MALTESE,WHITE,F,Small,5-Jan,(12 to 25 pounds),BAILEY,TRUE,BURLINGTON,VT
PIT BULL MIX,BLACK/WHITE,F,Small,5+,(12 to 25 pounds),MISSY,TRUE,BURLINGTON,VT
TERRIER MIX,BLACK/WHITE,M,Medium,8,(25 to 50 pounds),OTTO,TRUE,BURLINGTON,VT
GERMAN SHEPHERD,BLACK AND TAN,M,Large,10,(50 to 100 pounds),WALLY,TRUE,BURLINGTON,VT
CHIHUAHUA,TAN/BLACK,M,Small,6,(12 to 25 pounds),LUCKY,TRUE,BURLINGTON,VT
GERMAN SHEPHERD MIX,TAN,M,Large,5,(50 to 100 pounds),NICO,TRUE,BURLINGTON,VT
LABRADOODLE,BLACK/WHITE,F,Medium,5,(25 to 50 pounds),FRANKIE,TRUE,BURLINGTON,VT
GERMAN SHEPHERD,BLACK/TAN,M,Large,12,(50 to 100 pounds),BADY,TRUE,BURLINGTON,VT
CAVALIER KING CHARLES SPANIEL,BLACK/TAN,M,Small,5,(12 to 25 pounds),ARTHUR,TRUE,BURLINGTON,VT
POODLE MIX,WHITE,M,Medium,7,(25 to 50 pounds),SCOOBY,TRUE,BURLINGTON,VT
TERRIER (SCOTTISH),SILVER/BRINDLE,F,Small,5,(12 to 25 pounds),NINA,TRUE,BURLINGTON,VT
BASSET HOUND MIX,BRINDLE,F,Medium,5,(25 to 50 pounds),NELL,TRUE,BURLINGTON,VT
SCHNAUZER (MINI),BLACK/WHITE,M,Small,4,(12 to 25 pounds),JASPER,TRUE,BURLINGTON,VT
BOXER,BRINDLE/WHITE,M,Large,4,(50 to 100 pounds),PEPE,TRUE,BURLINGTON,VT
MIXED,RED/BROWN,F,Medium,7,(25 to 50 pounds),REBA,TRUE,BURLINGTON,VT
MOUNTAIN CUR,BROWN10/24/2017,M,Medium,4,(25 to 50 pounds),RADAR,TRUE,BURLINGTON,VT
"SHEPHERD DOG, GERMAN",TAN/BLACK,M,Large,1,(50 to 100 pounds),MADDOX,TRUE,BURLINGTON,VT
BOXER MIX,TAN,F,Medium,5+,(25 to 50 pounds),MURPHY,TRUE,BURLINGTON,VT
POODLE MIX,BLACK,F,Small,4,(12 to 25 pounds),ROSIE,TRUE,BURLINGTON,VT
COCKAPOO,BLACK,M,Small,5-Jan,(12 to 25 pounds),HENRY,TRUE,BURLINGTON,VT
POODLE (STANDARD),BLACK,M,Medium,5-Jan,(25 to 50 pounds),CHESTER,FALSE,BURLINGTON,VT
POMERANIAN MIX,RED,F,Small,7,(12 to 25 pounds),ANABEL,TRUE,BURLINGTON,VT
BASSET HOUND MIX,BLACK/TAN,F,Large,13,(50 to 100 pounds),SHAMMY,TRUE,BURLINGTON,VT
LABRADOR RETRIEVER,BLACK,M,Medium,3,(25 to 50 pounds),CEDRIC,TRUE,BURLINGTON,VT
HOUND MIX,TRI,M,Medium,6,(25 to 50 pounds),JACK,TRUE,BURLINGTON,VT
MIXED,WHITE/TAN,M,Large,6,(50 to 100 pounds),GUNNAR,TRUE,BURLINGTON,VT
CHIHUAHUA MIX,WHITE/TAN,M,Small,6,(12 to 25 pounds),BANKSY,TRUE,BURLINGTON,VT
MIXED,TAN,F,Medium,5+,(25 to 50 pounds),RIVER,TRUE,BURLINGTON,VT
LABRADOR RETRIEVER,CHOCOLATE,M,Large,4,(50 to 100 pounds),WALTER MITTY,TRUE,BURLINGTON,VT
MIXED,RED,M,Large,5,(50 to 100 pounds),HUGO,TRUE,BURLINGTON,VT
CORGIE MIX,TAN/WHITE,M,Small,6,(12 to 25 pounds),JIMMY,TRUE,BURLINGTON,VT
LABRADOR RETRIEVER,YELLOW,M,Large,7,(50 to 100 pounds),GIBSON,TRUE,BURLINGTON,VT
LABRADOR  RETRIEVER,CHOCOLATE,M,Large,9,(50 to 100 pounds),WILLIS,TRUE,BURLINGTON,VT
MOUTAIN CUR MIX,TAN/WHITE,M,Large,3,(50 to 100 pounds),FINN,TRUE,BURLINGTON,VT
BOXER MIX,,M,Medium,4,(25 to 50 pounds),PAZZO,TRUE,BURLINGTON,VT
DASCHUND MIX,BROWN,F,Medium,4,(25 to 50 pounds),JOEY,TRUE,BURLINGTON,VT
COLLIE BORDER,BLACK/WHITE,M,Large,10,(50 to 100 pounds),FINN,TRUE,BURLINGTON,VT
MIX,BLACK,F,Medium,4,(25 to 50 pounds),MOLLY,TRUE,BURLINGTON,VT
GOLDEN RETRIEVER MIX,RED,F,Medium,12,(25 to 50 pounds),YUNA,TRUE,BURLINGTON,VT
GOLDEN RETRIEVER,GOLDEN,F,Large,8,(50 to 100 pounds),JUNE,TRUE,BURLINGTON,VT
LAB MIX,BROWN / WHITE,F,Medium,3,(25 to 50 pounds),EMBER LOVE,TRUE,BURLINGTON,VT
LAB,YELLOW,F,Large,9,(50 to 100 pounds),CORKIE,TRUE,BURLINGTON,VT
GOLDEN DOODLE,BLACK,M,Large,7,(50 to 100 pounds),BENJI,TRUE,BURLINGTON,VT
COONHOUND MIX,WHITE/ORANGE,F,Large,7,(50 to 100 pounds),ELLIE MAE,TRUE,BURLINGTON,VT
MIXED,BLACK,M,Large,4,(50 to 100 pounds),BRONX,TRUE,BURLINGTON,VT
TERRIER MIX,GREY WHITE,M,,8,,BURT,TRUE,BURLINGTON,VT
AIRDALE TERRIER,BLACK/BROWN,F,Large,10,(50 to 100 pounds),TRIXIE,TRUE,BURLINGTON,VT
terrier mix,black and brown,M,Large,5,(50 to 100 pounds),Tito,TRUE,BURLINGTON,VT
welsh corgi mix,WHITE/TAN,M,Small,4,(12 to 25 pounds),RIGLEY,TRUE,BURLINGTON,VT
JACK RUSSELL MIX,WHITE/BLACK/BROWN,M,Small,11,(12 to 25 pounds),STAN-LEE,TRUE,BURLINGTON,VT
BORDER COLLIE MIX,BLACK / WHITE,M,Large,3,(50 to 100 pounds),PACO,TRUE,BURLINGTON,VT
LAB,BLACK,F,Medium,14,(25 to 50 pounds),MICKEY,TRUE,BURLINGTON,VT
"HUSKY, SIBERIAN MIX",WHITE AND BLACK,M,Large,5+,(50 to 100 pounds),TAHOE,TRUE,BURLINGTON,VT
RETREIVER,GOLDEN,M,Large,7,(50 to 100 pounds),MARSHALL,TRUE,BURLINGTON,VT
LABRADOR RETRIEVER,CHOCOLATE,F,Large,3,(50 to 100 pounds),SCOUT,TRUE,BURLINGTON,VT
TERRIER MIX,BROWN AND WHITE,M,Medium,6,(25 to 50 pounds),LOUIE,FALSE,BURLINGTON,VT
TROIS ANS,BROWN,M,Small,4,(12 to 25 pounds),BEAR,TRUE,BURLINGTON,VT
JACK RUSSELL TERRIER,TRI COLOR,F,Medium,8,(25 to 50 pounds),QUEENIE,TRUE,BURLINGTON,VT
CATAHOULA LEOPARD DOG,BRINDLE,F,Medium,7,(25 to 50 pounds),DAISY,TRUE,BURLINGTON,VT
TERRIER MIX,BLACK / WHITE,M,Medium,4,(25 to 50 pounds),NIXON,TRUE,BURLINGTON,VT
Labrador Retriever,Black,M,Large,8,(50 to 100 pounds),Salty,TRUE,BURLINGTON,VT
MIXED,BRINDLE,F,Medium,2,(25 to 50 pounds),LANA,TRUE,BURLINGTON,VT
Bull Mastiff Cross,Black and Brindle,F,Large,4,(50 to 100 pounds),Princess Leia,TRUE,BURLINGTON,VT
LAB MIX,TAN,M,Large,4,(50 to 100 pounds),RUDY,TRUE,BURLINGTON,VT
ENGLISH MASTIFF,BRINDLE,M,,9,,MAX,FALSE,BURLINGTON,VT
Australian Shepherd,Blue Merle,F,Medium,3,(25 to 50 pounds),BELLA,TRUE,BURLINGTON,VT
Keeshond,Gray,F,Medium,6,(25 to 50 pounds),Mila,TRUE,BURLINGTON,VT
TERRIER MIX,BROWN,M,Medium,10,(25 to 50 pounds),JOPLIN,TRUE,BURLINGTON,VT
LAB RETREIVER,BLACK,F,Large,10,(50 to 100 pounds),MERCY,TRUE,BURLINGTON,VT
GOLDEN RETRIEVER,GOLDEN,M,Large,4,(50 to 100 pounds),CHARLIE,TRUE,BURLINGTON,VT
Lab/Corgi Mix,Tan and Cream,M,Medium,4,(25 to 50 pounds),Buddy,TRUE,BURLINGTON,VT
SHIH TZU,BLACK,F,,5-Jan,,JOEY RENETTE,TRUE,BURLINGTON,VT
Spaniel Mix,,M,Medium,2,(25 to 50 pounds),Sully,TRUE,BURLINGTON,VT
TERRIER MIX,BLACK & WHITE,M,Medium,4,(25 to 50 pounds),CHARLIE,TRUE,BURLINGTON,VT
GERMAN SHEPARD MIX,BLACK/BROWN,M,Large,5,(50 to 100 pounds),BEAR,TRUE,BURLINGTON,VT
Mixed Breed,Yellow,M,Medium,7,(25 to 50 pounds),Sammy,TRUE,BURLINGTON,VT
BERNESE MOUNTAIN DOG,BLACK W/BRWN WHT,F,Large,4,(50 to 100 pounds),NO RABIES,TRUE,BURLINGTON,VT
GOLDEN DOODLE,GOLDEN,M,Large,5,(50 to 100 pounds),GANDALF,TRUE,BURLINGTON,VT
GREAT DANE MIX,WHITE,F,Large,7,(50 to 100 pounds),GLENDA,TRUE,BURLINGTON,VT
Mixed Breed,red and white,M,Large,2,(50 to 100 pounds),Pepper,TRUE,BURLINGTON,VT
LAB RETRIEVER MIX,WHITE/TAN,M,Large,8,(50 to 100 pounds),SUMMIT,TRUE,BURLINGTON,VT
Corgi,Tri-color,M,Small,14,(12 to 25 pounds),Tyco,TRUE,BURLINGTON,VT
Bichon Frise,White,F,Small,10,(12 to 25 pounds),Lily,TRUE,BURLINGTON,VT
LAB MIX,YELLOW,F,Medium,12,(25 to 50 pounds),MOLLEE,TRUE,BURLINGTON,VT
Labradoodle,Brown,F,Medium,1,(25 to 50 pounds),Maple,TRUE,BURLINGTON,VT
AUSTRALIAN CATTLE DOG MIX,TRI,M,Medium,5+,(25 to 50 pounds),ELLIS,FALSE,BURLINGTON,VT
POODLE MIX,BLACK/CREAM,F,Small,3,(12 to 25 pounds),PHOEBE,TRUE,BURLINGTON,VT
Hound Mix,White and Brown,F,Medium,9,(25 to 50 pounds),Zuzu,TRUE,BURLINGTON,VT
WEST HIGHLAND WHITE TERRIER,WHITE,M,Small,1,(12 to 25 pounds),FINN,TRUE,BURLINGTON,VT
Terrier Mix,Brindle,M,Large,4,(50 to 100 pounds),Sammy,TRUE,BURLINGTON,VT
MIXED BREED,BROWN/BLACK,M,Large,2,(50 to 100 pounds),KOLIBOLI,TRUE,BURLINGTON,VT
Stafford Terrier mix,Tan,M,Large,10,(50 to 100 pounds),TITAN,TRUE,BURLINGTON,VT
BULLDOG MIX,WHITE,M,Large,3,(50 to 100 pounds),TUCKER,FALSE,BURLINGTON,VT
MIXED BREED,YELLOW,M,Medium,14,(25 to 50 pounds),WILSON,TRUE,BURLINGTON,VT
MIXED,,M,Medium,2,(25 to 50 pounds),GUS,FALSE,BURLINGTON,VT
BRITTANY SPANIEL,,M,Small,1,(12 to 25 pounds),746,TRUE,BURLINGTON,VT
CATAHOULA,GREY/WHITE,M,Large,10,(50 to 100 pounds),TONKA,TRUE,BURLINGTON,VT
Golden Doodle,Black and White,M,Medium,2,(25 to 50 pounds),Yoyo,TRUE,BURLINGTON,VT
GOLDEN RETRIEVER,GOLDEN,F,Large,8,(50 to 100 pounds),MAISEY,TRUE,BURLINGTON,VT
Hound Mix,,M,Medium,1,(25 to 50 pounds),Buddy,TRUE,BURLINGTON,VT
,Red,F,Medium,1,(25 to 50 pounds),Sofy,FALSE,BURLINGTON,VT
Boxer/Lab/Retriever Mix,Black and Tan,M,Medium,1,(25 to 50 pounds),Rubble,TRUE,BURLINGTON,VT
Brittany Spaniel,Orange and White,F,Medium,3,(25 to 50 pounds),Sandy,TRUE,BURLINGTON,VT
Greyhound,White and Tan,M,Large,8,(50 to 100 pounds),Jerry,TRUE,BURLINGTON,VT
Golden Doodle,Gold,M,Large,2,(50 to 100 pounds),Rusty,FALSE,BURLINGTON,VT
Labrador Retriever,Yellow,F,Medium,1,(25 to 50 pounds),Pepper,FALSE,BURLINGTON,VT
King Charles Cavalier Spaniel,Black and Tan,M,Small,2,(12 to 25 pounds),Kodiak,TRUE,BURLINGTON,VT
Mini Aussie Shepherd,Tri-Color,F,Small,4,(12 to 25 pounds),Bella,TRUE,BURLINGTON,VT
Beagle Mix,Brindle,F,Small,7,(12 to 25 pounds),Jesse Jo,TRUE,BURLINGTON,VT
Goldendoodle,Gold,F,Medium,4,(25 to 50 pounds),Sadie,FALSE,BURLINGTON,VT
PIT BULL,GREY,F,Large,2,(50 to 100 pounds),SARA,FALSE,BURLINGTON,VT
STANDARD POODLE,BLACK,F,Medium,2,(25 to 50 pounds),POPPY,TRUE,BURLINGTON,VT
BEAGLE,BLACK,F,Small,1,(12 to 25 pounds),ZOLA,FALSE,BURLINGTON,VT
MIXED BREED,WHITE/BLACK,F,Small,4,(12 to 25 pounds),KODA,TRUE,BURLINGTON,VT
UNKNOWN,BROWN/WHITE,F,Large,6,(50 to 100 pounds),JOLENE,TRUE,BURLINGTON,VT
POINTER MIX,GRAY/WHITE,F,Medium,3,(25 to 50 pounds),LEXI,FALSE,BURLINGTON,VT
"MOUNTAIN DOG, BERNESE, POODLE",BLACK,M,Medium,1,(25 to 50 pounds),FEZZIK,FALSE,BURLINGTON,VT
MORKIE,CREAM,F,Small,2,(12 to 25 pounds),PEACHES,FALSE,BURLINGTON,VT
MIXED,,F,Small,1,(12 to 25 pounds),TALVI,FALSE,BURLINGTON,VT
SHEPHERD,APRICOT/WHITE,F,Medium,2,(25 to 50 pounds),AOIFE,FALSE,BURLINGTON,VT
PITBULL MIX,TAN,F,Large,2,(50 to 100 pounds),KINSLEY,FALSE,BURLINGTON,VT
TERRIER MIX,BLACK/WHITE,M,Small,0-1,(12 to 25 pounds),SCOOTER,FALSE,BURLINGTON,VT
Mixed,Black,F,Medium,0-1,(25 to 50 pounds),Murphy,FALSE,BURLINGTON,VT
CATAHULA MIXED,BRINDLE,M,Medium,5,(25 to 50 pounds),ROAN,FALSE,BURLINGTON,VT
Brussels Griffon Mix,Grey,M,,10,,Freddie,FALSE,BURLINGTON,VT
Brussels Griffon,Cream,M,Small,10,(12 to 25 pounds),Pablo,FALSE,BURLINGTON,VT
Terrier Mix,Grey and white,M,Small,12,(12 to 25 pounds),Tucker,FALSE,BURLINGTON,VT
Mixed,Brown,M,Large,1,(50 to 100 pounds),Bucky,FALSE,BURLINGTON,VT
Labrador Mix,Red with white,F,,>1,,Pneuma,TRUE,BURLINGTON,VT
Chihuahua Mix,Tan,M,,3,,Archie,TRUE,BURLINGTON,VT
Shepherd Mix,Tan w/ blue brindle,F,Small,>1,(12 to 25 pounds),Leeloo,TRUE,BURLINGTON,VT
Mixed Breed,White/tan,M,,>1,,Wilson,TRUE,BURLINGTON,VT
Pom Mix,Tan,M,,>1,,Bernie,TRUE,BURLINGTON,VT
American Bull Dog Mix,Red,M,Large,2,(50 to 100 pounds),Indy,TRUE,BURLINGTON,VT
Shepherd Mix,Cream,F,Medium,3,(25 to 50 pounds),Holly,TRUE,BURLINGTON,VT
Mixed Breed,Black and white,F,,9,,Annie,TRUE,BURLINGTON,VT
Shepherd Mix,White & brindle,F,Medium,1,(25 to 50 pounds),Tala,TRUE,BURLINGTON,VT
LABRADOR MIX,TAN/BLACK,M,Large,6,(50 to 100 pounds),EDDY,FALSE,BURLINGTON,VT
Labrador Mix,Black,F,Medium,2,(25 to 50 pounds),Tara,TRUE,BURLINGTON,VT
Mixed,Brown and white,M,Medium,1,(25 to 50 pounds),Oscar,TRUE,BURLINGTON,VT
Poodle mix,Blue merle and white,M,Small,>1,(12 to 25 pounds),Angus,FALSE,BURLINGTON,VT
Golden Doodle,,F,,>1,,Luna,TRUE,BURLINGTON,VT
Labrador Retriever,Yellow,F,Large,4,(50 to 100 pounds),Rosie,TRUE,BURLINGTON,VT
Terrier Mix,Tan,M,Small,14,(12 to 25 pounds),Lucky,TRUE,BURLINGTON,VT
BICHON FRISE,WHITE,M,Small,2,(12 to 25 pounds),PEPPER,FALSE,BURLINGTON,VT
MIXED BREED,RED/MAHOGANY,M,Large,3,(50 to 100 pounds),BRODY,FALSE,BURLINGTON,VT
MIXED,,F,Small,,(12 to 25 pounds),PEGGY,FALSE,BURLINGTON,VT
HOUND MIX,BLACK,F,Large,7,(50 to 100 pounds),SKYLAR,FALSE,BURLINGTON,VT
RETRIEVER MIX,TAN,F,Medium,3,(25 to 50 pounds),MIA ISADORA,FALSE,BURLINGTON,VT
BORDER COLLIE MIX,BLACK/WHITE,F,Medium,1,(25 to 50 pounds),HARLEY,FALSE,BURLINGTON,VT
,WHITE/TAN,F,,0-1,,KENZIE,TRUE,BURLINGTON,VT
GOLDEN RETRIEVER,GOLDEN,F,Small,1,(12 to 25 pounds),MAISIE,FALSE,BURLINGTON,VT
BOXER MIX,,F,Large,3,(50 to 100 pounds),BELLE,FALSE,BURLINGTON,VT
GOLDENDOODLE,CREAM,F,Medium,10+,(25 to 50 pounds),PENNY,FALSE,BURLINGTON,VT
"RETRIEVER, LABRADOR MIX",BLACK,F,Large,3,(50 to 100 pounds),SYBIL,FALSE,BURLINGTON,VT
HOUND,WHITE/BROWN,F,Medium,2,(25 to 50 pounds),AUTUMN,FALSE,BURLINGTON,VT
LAB MIX,,F,Medium,0-1,(25 to 50 pounds),NIKKA,TRUE,BURLINGTON,VT
BEAGLE MIX,BROWN,M,,0-1,,MOE,TRUE,BURLINGTON,VT
LABRADOR RETRIEVER,BLACK,M,Large,9,(50 to 100 pounds),DART,FALSE,BURLINGTON,VT
MIXED,,M,Medium,1,(25 to 50 pounds),MILO DELANEY,FALSE,BURLINGTON,VT
PIT BULL MIX,RED/WHITE,F,Large,5+,(50 to 100 pounds),PENELOPE,FALSE,BURLINGTON,VT
CATTLE DOG MIX,BLACK/WHITE,F,Small,0-1,(12 to 25 pounds),ECHO,FALSE,BURLINGTON,VT
CHIHUAHUA,BLACK/TAN,F,,15,,ABBY,FALSE,BURLINGTON,VT
POODLE,,M,Medium,0-1,(25 to 50 pounds),BAILEY,TRUE,BURLINGTON,VT
PLOTT HOUND,BRINDLE,M,Large,10,(50 to 100 pounds),TRUMAN,FALSE,BURLINGTON,VT
PIT MIX,BRINDLE,F,Medium,1,(25 to 50 pounds),RUBY,FALSE,BURLINGTON,VT
RETRIEVER MIX,BLONDE,F,Large,10,(50 to 100 pounds),NILLA,FALSE,BURLINGTON,VT
MIX POODLE,WHITE,M,Small,0-5,(12 to 25 pounds),OLIVER,FALSE,BURLINGTON,VT
BROWN W/BLACK,LAB CROSS,M,Large,6,(50 to 100 pounds),SEVEN,FALSE,BURLINGTON,VT
MIX,BROWN/WHITE,M,Large,14,(50 to 100 pounds),BENSON,FALSE,BURLINGTON,VT
CORGI,TRI,M,Small,1,(12 to 25 pounds),DUMPLING,TRUE,BURLINGTON,VT
GERMAN SHEPHERD,BLACK/TAN,F,Large,3,(50 to 100 pounds),DAKOTA,FALSE,BURLINGTON,VT
MIXED BREED,BLACK/TAN,M,Large,14,(50 to 100 pounds),AMOS,FALSE,BURLINGTON,VT
MIXED BREED,BLACK/WHITE,F,Medium,2,(25 to 50 pounds),TRIXIE,FALSE,BURLINGTON,VT
LABRADOR RETRIEVER MIX,BLACK/WHITE,F,Medium,4,(25 to 50 pounds),FREIDA,FALSE,BURLINGTON,VT
BORDER TERRIER MIX,BROWN/GREY,M,,5-Jan,,BUSTER,FALSE,BURLINGTON,VT
POMERANIAN,BLACK,M,Small,6,(12 to 25 pounds),CHARLIE,FALSE,BURLINGTON,VT
PORTUGUESE WATER DOG,TAN/WHITE,F,Medium,5-Jan,(25 to 50 pounds),COCO,TRUE,BURLINGTON,VT
"RETRIEVER, LABRADOR",YELLOW,M,Large,6,(50 to 100 pounds),HUNTER,FALSE,BURLINGTON,VT
SCOTCH COLLIE,SHADED SABLE,M,Medium,0-1,(25 to 50 pounds),TEDDY,TRUE,BURLINGTON,VT
HOUND MIX,TAN,M,Large,4,(50 to 100 pounds),KAMANI,FALSE,BURLINGTON,VT
CHIHUAHUA MIX,TAN,M,,2,,EITTY,FALSE,BURLINGTON,VT
TERRIER MIX,BLACK & WHITE,M,Small,15+,(12 to 25 pounds),JACK,FALSE,BURLINGTON,VT
BORDER COLLIE,BLUE MERLE,F,Small,1,(12 to 25 pounds),PENELOPE,TRUE,BURLINGTON,VT
BOXER MIX,BLACK/WHITE,M,Large,2,(50 to 100 pounds),TATUM,FALSE,BURLINGTON,VT